country1,country2,collaborations
India,United States,108
United Kingdom,United States,104
Nigeria,United States,76
India,United Kingdom,72
Ghana,United States,54
Ghana,United Kingdom,53
Nigeria,United Kingdom,52
Kenya,United States,51
Kenya,United Kingdom,48
Ethiopia,United States,46
Germany,United States,44
Burkina Faso,Germany,41
Ghana,Netherlands,40
Australia,United Kingdom,40
Canada,United States,40
Tanzania,United Kingdom,39
South Africa,United Kingdom,39
Netherlands,United States,38
Germany,United Kingdom,38
Burkina Faso,Canada,36
Australia,India,36
India,Netherlands,35
Switzerland,United States,34
South Africa,United States,31
Bangladesh,United Kingdom,30
Australia,Ghana,30
Nepal,United States,29
Switzerland,United Kingdom,29
Australia,United States,29
Ethiopia,United Kingdom,28
Burkina Faso,United States,28
Canada,United Kingdom,26
Nigeria,South Africa,26
Ghana,South Africa,25
Netherlands,United Kingdom,24
Norway,United States,23
India,Switzerland,23
Burkina Faso,United Kingdom,23
Canada,Germany,23
Netherlands,Nigeria,23
Canada,France,23
China,United States,22
Australia,Bangladesh,22
Norway,Tanzania,22
Canada,Ghana,21
Kenya,South Africa,21
Germany,Ghana,21
Sweden,United Kingdom,21
Canada,Nigeria,20
Tanzania,United States,20
Belgium,United Kingdom,20
Burkina Faso,France,19
Uganda,United States,19
Germany,Malawi,19
Rwanda,United States,19
Belgium,India,18
Switzerland,Tanzania,18
Ethiopia,Norway,17
Canada,India,17
Pakistan,United Kingdom,17
France,Germany,17
Uganda,United Kingdom,17
France,United States,16
Sweden,United States,16
France,Senegal,16
China,Nigeria,16
Bangladesh,United States,16
Bangladesh,Sweden,15
Norway,United Kingdom,15
Australia,Ethiopia,14
Ethiopia,South Africa,14
India,Japan,14
Germany,India,14
India,South Africa,14
Ghana,Kenya,14
Ethiopia,Netherlands,13
Malawi,United Kingdom,13
Sierra Leone,United Kingdom,13
Belgium,Uganda,13
Pakistan,United States,13
United Kingdom,Zimbabwe,13
Denmark,United Kingdom,13
Ghana,Switzerland,13
Belgium,United States,12
Pakistan,Switzerland,12
Sweden,Zambia,12
India,Nigeria,12
India,Nepal,12
Germany,Netherlands,12
Cameroon,United Kingdom,12
South Africa,Zambia,12
Ethiopia,Ghana,11
Cambodia,Philippines,11
Australia,Canada,11
Cambodia,United States,11
United States,Zambia,11
Nepal,United Kingdom,11
Cameroon,United States,11
Japan,United Kingdom,10
Kenya,Switzerland,10
India,Kenya,10
Germany,Nigeria,10
Bangladesh,India,10
Australia,Sweden,10
Kenya,Netherlands,10
Kenya,Tanzania,10
Ethiopia,Switzerland,10
France,Mali,10
Israel,Netherlands,10
Belgium,Burkina Faso,9
Australia,Nigeria,9
South Africa,Uganda,9
Germany,Uganda,9
Ghana,Zambia,9
Tanzania,Uganda,9
Switzerland,Uganda,9
"Korea, Republic of",United States,9
Guyana,Nigeria,9
Belgium,Switzerland,9
Kenya,Uganda,9
Japan,United States,9
Germany,Switzerland,9
Cambodia,United Kingdom,9
Netherlands,Switzerland,9
India,Israel,9
Australia,Pakistan,8
Côte d'Ivoire,United States,8
Germany,South Africa,8
Philippines,United Kingdom,8
Nigeria,Tanzania,8
South Africa,Switzerland,8
Belgium,Cambodia,8
Canada,Ethiopia,8
Italy,United States,8
Ethiopia,Uganda,8
Germany,Philippines,8
Australia,Switzerland,8
Netherlands,South Africa,8
Ethiopia,Germany,8
Canada,South Africa,8
Mozambique,United States,8
Australia,Netherlands,8
Germany,Kenya,8
Australia,Nepal,8
Denmark,Ghana,8
Belgium,Benin,8
India,Pakistan,8
Burkina Faso,Switzerland,8
India,Uganda,7
Indonesia,United States,7
Ireland,United States,7
India,Sweden,7
Ghana,Nigeria,7
Thailand,United Kingdom,7
South Africa,Sweden,7
South Africa,Tanzania,7
Ghana,Malawi,7
Cameroon,France,7
Malawi,United States,7
Australia,Germany,7
Kenya,Nigeria,7
United Kingdom,Zambia,7
Ghana,"Korea, Republic of",7
Ghana,Norway,7
Ethiopia,Kenya,7
Senegal,United Kingdom,7
China,Pakistan,7
United States,Zimbabwe,7
Australia,South Africa,7
Ethiopia,India,7
China,India,7
Cambodia,Japan,7
China,Nepal,6
Norway,Sweden,6
Canada,Japan,6
India,Serbia,6
Germany,Italy,6
Nepal,Norway,6
Belgium,Netherlands,6
China,Germany,6
Nepal,Switzerland,6
Italy,United Kingdom,6
Democratic Republic of the Congo,United States,6
Sierra Leone,United States,6
France,West Bank and Gaza,6
Belgium,Canada,6
Belgium,South Africa,6
Bangladesh,Japan,6
Burkina Faso,Kenya,6
Jordan,West Bank and Gaza,6
Senegal,South Africa,6
Norway,Zambia,6
India,Philippines,6
Cameroon,Canada,6
Canada,China,6
Ghana,Sierra Leone,6
Germany,Zambia,6
Australia,Cambodia,6
Nigeria,Sweden,6
Nepal,Netherlands,6
Nigeria,The Gambia,5
Italy,Malawi,5
Afghanistan,United States,5
Netherlands,Uganda,5
Canada,Pakistan,5
Austria,United Kingdom,5
France,India,5
Ethiopia,Ireland,5
Cameroon,Germany,5
Cameroon,Nigeria,5
Kenya,Zambia,5
Nigeria,Switzerland,5
Japan,Serbia,5
Nigeria,Uganda,5
Mali,Senegal,5
Bangladesh,Malaysia,5
Laos,United States,5
India,Malaysia,5
Sweden,Tanzania,5
Canada,Niger,5
Ghana,India,5
Ghana,Japan,5
Burundi,United States,5
Pakistan,Uganda,5
France,United Kingdom,5
Canada,Switzerland,5
Nigeria,Viet Nam,5
Mexico,United States,5
Thailand,United States,5
Canada,Mali,5
India,Rwanda,5
Belgium,France,5
Switzerland,Zambia,5
United Kingdom,West Bank and Gaza,5
Canada,Uganda,5
Rwanda,South Africa,5
Belgium,Germany,5
Belgium,Democratic Republic of the Congo,5
Kenya,Pakistan,5
Ethiopia,"Iran, Islamic Republic of",4
Philippines,United States,4
Netherlands,Taiwan,4
France,Netherlands,4
China,Saudi Arabia,4
Kenya,Mali,4
Burkina Faso,Senegal,4
Malaysia,Nigeria,4
Australia,Japan,4
Burkina Faso,Mali,4
Jordan,United Kingdom,4
Bangladesh,Germany,4
Canada,Senegal,4
Serbia,South Africa,4
India,Russian Federation,4
Austria,Denmark,4
Japan,Russian Federation,4
Philippines,South Africa,4
Belgium,Ghana,4
Germany,Pakistan,4
Bangladesh,Canada,4
Tanzania,Zimbabwe,4
New Zealand,United Kingdom,4
Indonesia,United Kingdom,4
Republic of the Congo,Uganda,4
India,Thailand,4
Nigeria,Pakistan,4
"Korea, Republic of",Nepal,4
Canada,Kenya,4
Ghana,New Zealand,4
Nepal,Pakistan,4
China,Malaysia,4
India,Norway,4
Uganda,Zambia,4
Ireland,Japan,4
Cambodia,Nigeria,4
Egypt,United States,4
Nepal,Nigeria,4
China,South Africa,4
Benin,United States,4
Rwanda,United Kingdom,4
India,Italy,4
Italy,Switzerland,4
Germany,Tanzania,4
Belgium,Burundi,4
Burkina Faso,South Africa,4
Ghana,Tanzania,4
South Africa,Zimbabwe,4
Japan,Singapore,4
Nigeria,Zimbabwe,4
Benin,Nigeria,4
China,Ghana,4
Senegal,United States,4
Germany,Sweden,4
Australia,China,4
Qatar,Sudan,4
India,Tanzania,4
India,Taiwan,4
Australia,Indonesia,4
Canada,Nepal,4
Kenya,Rwanda,4
Japan,Viet Nam,4
Egypt,Morocco,4
Benin,Côte d'Ivoire,3
Bangladesh,Ireland,3
Ghana,Italy,3
Democratic Republic of the Congo,Rwanda,3
Cambodia,Sweden,3
Australia,Sierra Leone,3
Cambodia,South Africa,3
Ethiopia,Philippines,3
Belgium,Cameroon,3
Denmark,United States,3
Austria,Senegal,3
Rwanda,Sweden,3
Nepal,South Africa,3
Chile,United States,3
Serbia,Tanzania,3
Japan,Laos,3
Democratic Republic of the Congo,Germany,3
Norway,South Africa,3
Nigeria,Philippines,3
Chile,India,3
Democratic Republic of the Congo,Ethiopia,3
Democratic Republic of the Congo,United Kingdom,3
Chile,Serbia,3
Myanmar,United States,3
Democratic Republic of the Congo,Switzerland,3
Singapore,United Kingdom,3
China,Tanzania,3
Pakistan,Sweden,3
Nigeria,Saudi Arabia,3
Japan,Tanzania,3
Canada,Tanzania,3
Nepal,Taiwan,3
Belgium,Kenya,3
Japan,Nigeria,3
Philippines,Sweden,3
Ethiopia,Nepal,3
Spain,United Kingdom,3
Belgium,Philippines,3
Cambodia,Switzerland,3
Australia,Italy,3
Burkina Faso,Niger,3
Malawi,Zimbabwe,3
Republic of the Congo,United States,3
Burundi,Netherlands,3
Australia,Laos,3
United Kingdom,Viet Nam,3
Nigeria,Russian Federation,3
China,Hong Kong,3
Egypt,Saudi Arabia,3
Cambodia,Kenya,3
Mali,United States,3
Belgium,Tanzania,3
Canada,Norway,3
The Gambia,United States,3
Australia,Kenya,3
Indonesia,Kenya,3
India,Ireland,3
Australia,Malaysia,3
Ghana,Hong Kong,3
India,"Korea, Republic of",3
Cameroon,South Africa,3
China,Italy,3
Morocco,United Kingdom,3
India,Viet Nam,3
Russian Federation,Serbia,3
India,United Arab Emirates,3
Cambodia,Mali,3
Tanzania,Zambia,3
United States,Viet Nam,3
Bangladesh,Pakistan,3
Ghana,Spain,3
Japan,Pakistan,3
China,Serbia,3
Republic of the Congo,Zimbabwe,3
Cambodia,Laos,3
Cambodia,France,3
Italy,Nigeria,3
Hungary,United Kingdom,3
Russian Federation,United States,3
Sweden,Uganda,3
Nigeria,Republic of the Congo,3
Lebanon,United States,3
Nigeria,Serbia,3
Ireland,Switzerland,3
Denmark,Senegal,3
Australia,Thailand,3
Ghana,Malaysia,3
Afghanistan,Switzerland,3
Malawi,South Africa,3
Malawi,Netherlands,3
Austria,Switzerland,3
Germany,Mali,3
France,Philippines,3
India,Indonesia,3
Greece,Netherlands,3
Serbia,Sudan,3
Canada,Malawi,3
Bangladesh,Switzerland,3
Luxembourg,United Kingdom,3
Burkina Faso,Cameroon,3
Lebanon,Sweden,3
Burkina Faso,Nigeria,3
Malaysia,South Africa,3
Kenya,Malawi,3
France,Tunisia,3
Malaysia,United Kingdom,3
India,Saudi Arabia,3
Cyprus,Nigeria,3
Netherlands,Tanzania,3
Denmark,Tanzania,3
Malaysia,United States,3
Belgium,Senegal,3
Singapore,Thailand,2
Belgium,"Iran, Islamic Republic of",2
Czechia,Germany,2
Japan,Malaysia,2
Ghana,Sweden,2
Bangladesh,Nigeria,2
Japan,"Korea, Republic of",2
Bahrain,Benin,2
India,Singapore,2
Norway,Switzerland,2
China,Viet Nam,2
Germany,United Arab Emirates,2
Cameroon,Italy,2
Canada,Egypt,2
Mali,Philippines,2
Mali,South Africa,2
American Samoa,Cambodia,2
American Samoa,United Kingdom,2
Australia,United Arab Emirates,2
Saint Kitts and Nevis,United States,2
Saint Kitts and Nevis,Zimbabwe,2
Saint Kitts and Nevis,United Kingdom,2
Benin,Canada,2
Indonesia,Tanzania,2
Australia,Philippines,2
Sierra Leone,South Africa,2
Nigeria,Saint Kitts and Nevis,2
Mali,Sweden,2
Sudan,Thailand,2
Philippines,Thailand,2
Cambodia,Thailand,2
Cameroon,Netherlands,2
Ethiopia,Pakistan,2
Malawi,Pakistan,2
Burkina Faso,Uganda,2
Pakistan,Thailand,2
Cyprus,United States,2
Ireland,United Kingdom,2
Sierra Leone,Sweden,2
Greece,Mali,2
Greece,Kenya,2
Egypt,United Kingdom,2
Ethiopia,Italy,2
Japan,Switzerland,2
Cameroon,Tanzania,2
Sweden,Viet Nam,2
Bangladesh,Viet Nam,2
Eswatini,Nigeria,2
Nigeria,Thailand,2
Cambodia,Viet Nam,2
Switzerland,The Gambia,2
Finland,United States,2
Cambodia,Singapore,2
France,Ghana,2
Lebanon,West Bank and Gaza,2
Iraq,Nigeria,2
Jordan,Lebanon,2
Canada,Côte d'Ivoire,2
Türkiye,United Kingdom,2
Cyprus,United Kingdom,2
Cyprus,Russian Federation,2
Pakistan,South Africa,2
Laos,Netherlands,2
Switzerland,Tajikistan,2
Japan,Kenya,2
Singapore,United States,2
Mozambique,Singapore,2
Australia,Myanmar,2
Kenya,Norway,2
Cameroon,New Zealand,2
Canada,New Zealand,2
Burundi,Ghana,2
Australia,Burundi,2
China,United Kingdom,2
Malawi,Nigeria,2
Belgium,Morocco,2
Ghana,Uganda,2
Mali,Togo,2
Lebanon,United Kingdom,2
Malawi,Zambia,2
Germany,Hungary,2
Nicaragua,Nigeria,2
Cameroon,Ghana,2
Ireland,Norway,2
Sri Lanka,United States,2
Indonesia,Switzerland,2
Benin,Togo,2
"Korea, Republic of",Netherlands,2
Nepal,Serbia,2
India,Sri Lanka,2
Russian Federation,Tanzania,2
Chile,Japan,2
Canada,Serbia,2
Canada,Chile,2
Australia,Serbia,2
Italy,Poland,2
Slovenia,United States,2
Afghanistan,Democratic Republic of the Congo,2
Myanmar,Nepal,2
India,Myanmar,2
Australia,Hong Kong,2
Belgium,Sweden,2
Kenya,Mozambique,2
Ireland,Malaysia,2
Taiwan,United States,2
Morocco,Tunisia,2
Ethiopia,"Korea, Republic of",2
Cameroon,India,2
Kenya,Sudan,2
Poland,United Kingdom,2
Poland,United States,2
Malawi,Norway,2
Japan,Mozambique,2
South Sudan,Uganda,2
Bangladesh,China,2
Serbia,United States,2
Serbia,United Kingdom,2
Italy,Serbia,2
Philippines,Serbia,2
Netherlands,Philippines,2
Germany,Serbia,2
Ethiopia,Serbia,2
Ethiopia,France,2
Liberia,Switzerland,2
Liberia,Zambia,2
Chile,Germany,2
Benin,Tunisia,2
Germany,Norway,2
Ireland,Singapore,2
Ireland,Mozambique,2
China,Japan,2
Cambodia,Mozambique,2
Cambodia,Ireland,2
China,Norway,2
Malaysia,Pakistan,2
Benin,Mali,2
Benin,France,2
Benin,Burkina Faso,2
Czechia,United Kingdom,2
Czechia,Nigeria,2
Japan,Senegal,2
Austria,United States,2
India,Malta,2
Cambodia,Germany,2
Benin,South Africa,2
Luxembourg,Malawi,2
Germany,Senegal,2
Laos,Philippines,2
Indonesia,Philippines,2
Indonesia,Laos,2
Cambodia,Indonesia,2
Denmark,France,2
Ireland,Netherlands,2
Haiti,United States,2
Myanmar,Netherlands,2
Malaysia,Saudi Arabia,2
United Arab Emirates,United States,2
Spain,United States,2
Austria,Ireland,2
Italy,Uganda,2
Ghana,Indonesia,2
Norway,Serbia,2
Uganda,Zimbabwe,2
Slovakia,United States,2
Côte d'Ivoire,Uganda,2
Kenya,Kuwait,2
Lebanon,Morocco,2
Kuwait,United States,2
Italy,Pakistan,2
Botswana,Uganda,2
Canada,Lebanon,2
Belgium,Republic of the Congo,2
Democratic Republic of the Congo,India,2
Ethiopia,Nigeria,2
Netherlands,Viet Nam,2
Belgium,Ethiopia,2
Democratic Republic of the Congo,Uganda,2
Canada,Malaysia,2
Botswana,Nigeria,2
Canada,Rwanda,2
Greece,Nigeria,2
"Korea, Republic of",Nigeria,2
Canada,Sweden,2
Qatar,United States,2
Japan,Netherlands,2
Burundi,France,2
Canada,Zimbabwe,2
Botswana,Tanzania,2
Republic of the Congo,Tanzania,2
Nigeria,Rwanda,2
Nigeria,Ukraine,2
Laos,Switzerland,2
Nepal,Uganda,2
Australia,Burkina Faso,2
Cambodia,India,2
Nepal,Sweden,2
Pakistan,Tanzania,2
France,South Africa,2
Brazil,United Kingdom,2
Netherlands,Peru,2
Nepal,Philippines,2
Botswana,United Kingdom,2
Germany,Israel,2
India,Zimbabwe,2
Morocco,Sweden,2
Spain,Sweden,2
Denmark,India,2
Bangladesh,Ghana,2
Ethiopia,Myanmar,2
Pakistan,Philippines,2
Philippines,Uganda,2
"Korea, Republic of",Philippines,2
Kenya,Republic of the Congo,2
Ghana,Republic of the Congo,2
Rwanda,Uganda,2
Ghana,Slovakia,2
Morocco,Spain,2
France,Switzerland,2
Lesotho,South Africa,2
Afghanistan,India,2
China,Indonesia,2
Canada,Netherlands,2
Denmark,Nepal,2
Myanmar,Switzerland,2
Armenia,Nigeria,2
France,Niger,2
Belgium,Taiwan,2
Myanmar,Zambia,2
Russian Federation,United Kingdom,2
Cambodia,Netherlands,2
Nigeria,Zambia,2
Greece,Switzerland,2
Austria,Tanzania,2
Bangladesh,Netherlands,2
India,Mexico,2
Germany,Japan,2
Burkina Faso,Tanzania,2
The Gambia,United Kingdom,2
Kenya,Taiwan,2
"Korea, Republic of",United Kingdom,2
Australia,"Korea, Republic of",2
Japan,Philippines,2
Qatar,United Kingdom,2
Burkina Faso,Ghana,2
Australia,Viet Nam,2
Cambodia,Tanzania,2
Niger,Nigeria,2
Ghana,Tunisia,2
Netherlands,Tunisia,2
Ghana,Serbia,2
Netherlands,Serbia,2
Bolivia,United States,2
Namibia,United States,2
Belgium,Nigeria,2
South Africa,Thailand,2
Colombia,United States,2
Malawi,Tanzania,2
Mali,United Kingdom,2
Bahrain,Pakistan,2
Philippines,Switzerland,2
Australia,Denmark,2
Ireland,Malawi,2
Malaysia,Sudan,2
Malaysia,Tanzania,2
Colombia,India,2
Kyrgyzstan,United Kingdom,2
Liberia,United States,2
Nicaragua,United States,2
India,Türkiye,2
Malaysia,Qatar,2
Cameroon,Zambia,1
Cameroon,Malawi,1
Turkmenistan,United States,1
Eswatini,Ghana,1
Cameroon,Namibia,1
Eswatini,Kenya,1
Cameroon,Malaysia,1
Cameroon,Uganda,1
Mozambique,Peru,1
Eswatini,Malawi,1
Eswatini,Iraq,1
Cameroon,Pakistan,1
Iraq,United Arab Emirates,1
Cyprus,United Arab Emirates,1
Iraq,Tanzania,1
Iraq,Uganda,1
Cyprus,Iraq,1
Iraq,United Kingdom,1
Iraq,Zambia,1
Indonesia,Malaysia,1
Egypt,Jordan,1
American Samoa,Nigeria,1
Kenya,Malaysia,1
Ghana,Pakistan,1
American Samoa,India,1
Malawi,Malaysia,1
Malawi,Namibia,1
Malawi,Uganda,1
Greece,India,1
Philippines,Zambia,1
Laos,Zambia,1
Japan,Zambia,1
Malaysia,Namibia,1
Malaysia,Uganda,1
Malaysia,Zambia,1
Indonesia,Zambia,1
Kenya,Namibia,1
Eswatini,Malaysia,1
Eswatini,Namibia,1
Mozambique,Netherlands,1
Eswatini,Pakistan,1
Eswatini,South Africa,1
Guinea-Bissau,Peru,1
Eswatini,Tanzania,1
Eswatini,Uganda,1
Brunei Darussalam,Türkiye,1
Eswatini,United Kingdom,1
Eswatini,Zambia,1
Brunei Darussalam,Somalia,1
Iraq,South Africa,1
Brunei Darussalam,India,1
Ghana,Namibia,1
Cameroon,Kenya,1
Iraq,Kenya,1
Iraq,Malawi,1
Italy,Mozambique,1
Iraq,Malaysia,1
Austria,Norway,1
Iraq,Namibia,1
Nigeria,United Arab Emirates,1
Iraq,United States,1
Iraq,Pakistan,1
Ghana,Iraq,1
Ecuador,Spain,1
Mali,Tunisia,1
Togo,Tunisia,1
Ecuador,Pakistan,1
Ireland,Nigeria,1
China,Spain,1
Republic of the Congo,Serbia,1
China,Ecuador,1
Nigeria,Somalia,1
Democratic Republic of the Congo,Republic of the Congo,1
Azerbaijan,Spain,1
Azerbaijan,Pakistan,1
Azerbaijan,China,1
Bosnia and Herzegovina,Malaysia,1
Ireland,Türkiye,1
Türkiye,United States,1
Somalia,United States,1
Benin,Kenya,1
Somalia,Türkiye,1
India,Somalia,1
Brunei Darussalam,United States,1
France,Rwanda,1
China,Democratic Republic of the Congo,1
Malta,United States,1
Tunisia,United States,1
Canada,Indonesia,1
Indonesia,Nepal,1
Italy,Thailand,1
China,Sudan,1
Hong Kong,Sudan,1
Croatia,United Kingdom,1
"Korea, Republic of",Sweden,1
"Korea, Republic of",Poland,1
"Korea, Republic of",Kyrgyzstan,1
Italy,Turkmenistan,1
Italy,Sweden,1
Italy,Kyrgyzstan,1
Italy,"Korea, Republic of",1
Bulgaria,United States,1
Bulgaria,United Kingdom,1
Indonesia,Italy,1
Burundi,"Korea, Republic of",1
Bulgaria,Sweden,1
Belgium,Japan,1
Bulgaria,Poland,1
Japan,Morocco,1
Bulgaria,Kyrgyzstan,1
Malaysia,Nepal,1
Bulgaria,"Korea, Republic of",1
Bulgaria,Italy,1
Pakistan,Spain,1
Bangladesh,Kenya,1
Bangladesh,Sierra Leone,1
India,Sierra Leone,1
Kenya,Sierra Leone,1
Kenya,Serbia,1
Bulgaria,Turkmenistan,1
Bosnia and Herzegovina,Cameroon,1
Bosnia and Herzegovina,Eswatini,1
Bosnia and Herzegovina,Ghana,1
Bosnia and Herzegovina,Iraq,1
Bosnia and Herzegovina,Kenya,1
Bosnia and Herzegovina,Malawi,1
Indonesia,Japan,1
Bosnia and Herzegovina,Namibia,1
Bosnia and Herzegovina,Nigeria,1
Bosnia and Herzegovina,Pakistan,1
Bosnia and Herzegovina,South Africa,1
Bosnia and Herzegovina,Tanzania,1
Bosnia and Herzegovina,Uganda,1
Indonesia,Pakistan,1
Bosnia and Herzegovina,Zambia,1
Botswana,Cameroon,1
Botswana,Eswatini,1
Botswana,Ghana,1
Botswana,Iraq,1
Botswana,Kenya,1
Botswana,Malawi,1
Botswana,Malaysia,1
Botswana,Namibia,1
Botswana,Pakistan,1
Botswana,South Africa,1
Botswana,Zambia,1
Cameroon,Eswatini,1
Cameroon,Iraq,1
Bosnia and Herzegovina,United Kingdom,1
India,Iraq,1
Benin,China,1
China,Togo,1
India,"Iran, Islamic Republic of",1
India,Syria,1
"Iran, Islamic Republic of",Sri Lanka,1
"Iran, Islamic Republic of",Syria,1
Sri Lanka,Syria,1
Chad,France,1
Chad,Mali,1
"Korea, Republic of",Norway,1
Albania,Bosnia and Herzegovina,1
Albania,Botswana,1
Bosnia and Herzegovina,Botswana,1
Albania,Eswatini,1
Albania,Ghana,1
Albania,Iraq,1
Albania,Kenya,1
Albania,Malawi,1
Albania,Malaysia,1
Albania,Namibia,1
Albania,Nigeria,1
Albania,Pakistan,1
Albania,South Africa,1
Albania,Tanzania,1
Albania,Uganda,1
Albania,United Kingdom,1
Albania,Zambia,1
Albania,Cameroon,1
Kenya,Nepal,1
Cameroon,Slovakia,1
Cameroon,Sri Lanka,1
Italy,Slovakia,1
Italy,Sri Lanka,1
Slovakia,Sri Lanka,1
Bangladesh,Kuwait,1
Afghanistan,"Iran, Islamic Republic of",1
Afghanistan,Belgium,1
Cyprus,Saint Kitts and Nevis,1
Finland,South Africa,1
Ethiopia,Finland,1
Cyprus,Zimbabwe,1
Cameroon,Croatia,1
Ethiopia,Japan,1
Cameroon,Türkiye,1
Bangladesh,Singapore,1
Cameroon,Ireland,1
Kenya,Saudi Arabia,1
Italy,Norway,1
Italy,Nepal,1
Australia,Norway,1
Tanzania,Viet Nam,1
Russian Federation,Viet Nam,1
Netherlands,Russian Federation,1
Dominican Republic,Viet Nam,1
China,Eswatini,1
Ethiopia,Iraq,1
"Iran, Islamic Republic of",Netherlands,1
Germany,"Iran, Islamic Republic of",1
China,Qatar,1
Canada,Qatar,1
Indonesia,Sweden,1
Mexico,Switzerland,1
Kenya,"Korea, Republic of",1
Australia,France,1
Tunisia,United Kingdom,1
Sweden,Tunisia,1
Spain,Tunisia,1
Mozambique,Tanzania,1
Italy,South Africa,1
South Africa,Taiwan,1
Australia,Belgium,1
Belgium,Nepal,1
Isle of Man,Pakistan,1
Bangladesh,Norway,1
Bangladesh,Nepal,1
Estonia,United Kingdom,1
Indonesia,Nigeria,1
Greece,Portugal,1
Belgium,Serbia,1
Netherlands,Zambia,1
Nepal,Zambia,1
Ghana,United Arab Emirates,1
Australia,Zambia,1
Slovenia,Zimbabwe,1
Isle of Man,United Kingdom,1
Norway,Saint Kitts and Nevis,1
Egypt,Nigeria,1
Nigeria,Norway,1
Canada,Saint Kitts and Nevis,1
New Zealand,Nigeria,1
Liberia,United Kingdom,1
Liberia,Uganda,1
Canada,Thailand,1
Germany,Thailand,1
Nepal,Thailand,1
Liberia,Tanzania,1
Germany,Liberia,1
Switzerland,Thailand,1
Gibraltar,India,1
Saudi Arabia,South Africa,1
Russian Federation,Turks and Caicos Islands,1
Poland,Rwanda,1
Bangladesh,Czechia,1
Bangladesh,Kyrgyzstan,1
Austria,Uganda,1
Austria,Liberia,1
Austria,Germany,1
Hungary,Nepal,1
Kyrgyzstan,Pakistan,1
Czechia,Kyrgyzstan,1
Czechia,Pakistan,1
Germany,Kyrgyzstan,1
Austria,Zambia,1
Gibraltar,United States,1
Oman,Zambia,1
France,Spain,1
Dominican Republic,United States,1
Dominican Republic,Tanzania,1
Dominican Republic,Russian Federation,1
Dominican Republic,Nigeria,1
Dominican Republic,Netherlands,1
Cameroon,Viet Nam,1
Cameroon,Russian Federation,1
Canada,Zambia,1
Burundi,India,1
Cameroon,Dominican Republic,1
China,Egypt,1
Cambodia,Russian Federation,1
India,Malawi,1
Antigua and Barbuda,India,1
Cambodia,Dominican Republic,1
Cambodia,Cameroon,1
Belgium,Viet Nam,1
Belgium,Russian Federation,1
Burkina Faso,Indonesia,1
Belgium,Dominican Republic,1
South Sudan,Sudan,1
Mexico,Zimbabwe,1
Germany,Zimbabwe,1
Germany,Mexico,1
Norway,Zimbabwe,1
Burundi,Malawi,1
Namibia,Zambia,1
Qatar,Sierra Leone,1
Nigeria,Sierra Leone,1
Pakistan,Zambia,1
Nigeria,Qatar,1
Netherlands,Norway,1
Malaysia,Türkiye,1
Sierra Leone,Tanzania,1
France,Madagascar,1
China,Türkiye,1
Canada,Türkiye,1
Senegal,Tanzania,1
Antigua and Barbuda,Nigeria,1
"Iran, Islamic Republic of",Sweden,1
Antigua and Barbuda,Belgium,1
Kazakhstan,Nigeria,1
Tanzania,The Gambia,1
Burkina Faso,Zimbabwe,1
Switzerland,Zimbabwe,1
Ethiopia,Hong Kong,1
Burundi,Democratic Republic of the Congo,1
Burundi,Rwanda,1
Bangladesh,Uganda,1
Ghana,Myanmar,1
Montenegro,United Kingdom,1
Montenegro,Tanzania,1
Senegal,Togo,1
Senegal,The Gambia,1
Cambodia,Zambia,1
Ghana,Philippines,1
Namibia,Nigeria,1
Namibia,Pakistan,1
Hungary,Sweden,1
Hungary,South Africa,1
Namibia,South Africa,1
Namibia,Tanzania,1
Hungary,Nigeria,1
Czechia,Sweden,1
Namibia,Uganda,1
Czechia,South Africa,1
Czechia,Hungary,1
Republic of the Congo,United Kingdom,1
Cameroon,Sweden,1
Cameroon,Hungary,1
Cameroon,Czechia,1
Ethiopia,Thailand,1
New Zealand,Pakistan,1
Honduras,United States,1
Honduras,Sweden,1
Denmark,Sweden,1
Bahrain,Uganda,1
Bahrain,Germany,1
Tajikistan,United Kingdom,1
Belgium,Tajikistan,1
Burkina Faso,Viet Nam,1
China,Uganda,1
Namibia,United Kingdom,1
Brazil,Democratic Republic of the Congo,1
Norway,Somalia,1
Lebanon,Somalia,1
Lebanon,Norway,1
Belgium,Spain,1
Austria,China,1
Brazil,Ethiopia,1
Egypt,Japan,1
Brazil,India,1
Brazil,Malaysia,1
Brazil,Poland,1
Brazil,United States,1
Democratic Republic of the Congo,Malaysia,1
France,French Guiana,1
Ethiopia,Malaysia,1
Ethiopia,Poland,1
Bhutan,United Kingdom,1
India,Poland,1
Malaysia,Poland,1
Bhutan,Pakistan,1
Bhutan,Japan,1
Egypt,Serbia,1
Lebanon,Netherlands,1
Egypt,Ethiopia,1
China,Nicaragua,1
Benin,Madagascar,1
Mexico,Nepal,1
Netherlands,Sweden,1
Democratic Republic of the Congo,Poland,1
French Guiana,United States,1
Nigeria,Senegal,1
Myanmar,Pakistan,1
Iceland,Togo,1
Belgium,Zambia,1
Ghana,Greece,1
Burkina Faso,India,1
Burkina Faso,Mozambique,1
India,Mozambique,1
Iceland,Senegal,1
Iceland,Mali,1
Côte d'Ivoire,Togo,1
Côte d'Ivoire,Senegal,1
Bangladesh,Poland,1
Côte d'Ivoire,Iceland,1
Burkina Faso,Togo,1
Burkina Faso,Iceland,1
Mozambique,Switzerland,1
Burkina Faso,Côte d'Ivoire,1
Mozambique,Uganda,1
Australia,Brazil,1
Benin,Senegal,1
Australia,Democratic Republic of the Congo,1
Benin,Iceland,1
Australia,Poland,1
Bangladesh,Brazil,1
Bangladesh,Democratic Republic of the Congo,1
Bangladesh,Ethiopia,1
Côte d'Ivoire,Mali,1
Ethiopia,Rwanda,1
Ethiopia,Sweden,1
Ethiopia,Tanzania,1
Ethiopia,Ukraine,1
Ethiopia,Zimbabwe,1
India,Panama,1
India,Ukraine,1
Nepal,Panama,1
Nepal,Rwanda,1
Nepal,Tanzania,1
Nepal,Ukraine,1
Nepal,Zimbabwe,1
Nigeria,Panama,1
Panama,Philippines,1
Panama,Rwanda,1
"Korea, Republic of",Turkmenistan,1
Panama,Tanzania,1
Panama,Uganda,1
Panama,Ukraine,1
Panama,United Kingdom,1
Panama,United States,1
Panama,Zimbabwe,1
Philippines,Rwanda,1
Philippines,Tanzania,1
Philippines,Ukraine,1
Philippines,Zimbabwe,1
Rwanda,Tanzania,1
Rwanda,Ukraine,1
Rwanda,Zimbabwe,1
Sweden,Ukraine,1
Sweden,Zimbabwe,1
Panama,Sweden,1
Cambodia,Panama,1
Cambodia,Rwanda,1
Cambodia,Uganda,1
Cambodia,Ukraine,1
Cambodia,Zimbabwe,1
Canada,Colombia,1
Canada,Democratic Republic of the Congo,1
Canada,Panama,1
Canada,Philippines,1
Canada,Ukraine,1
Colombia,Democratic Republic of the Congo,1
Colombia,Ethiopia,1
Colombia,Nepal,1
Colombia,Nigeria,1
Colombia,Panama,1
Ethiopia,Panama,1
Colombia,Rwanda,1
Colombia,Sweden,1
Colombia,Tanzania,1
Colombia,Uganda,1
Colombia,Ukraine,1
Colombia,United Kingdom,1
Colombia,Zimbabwe,1
Democratic Republic of the Congo,Nepal,1
Democratic Republic of the Congo,Nigeria,1
Democratic Republic of the Congo,Panama,1
Democratic Republic of the Congo,Philippines,1
Democratic Republic of the Congo,Sweden,1
Democratic Republic of the Congo,Tanzania,1
Democratic Republic of the Congo,Ukraine,1
Democratic Republic of the Congo,Zimbabwe,1
Colombia,Philippines,1
Cambodia,Mexico,1
Germany,Indonesia,1
France,Laos,1
Mali,Niger,1
India,Zambia,1
Belgium,United Arab Emirates,1
Burkina Faso,Taiwan,1
Canada,Taiwan,1
Republic of the Congo,Zambia,1
Australia,Singapore,1
China,"Korea, Republic of",1
China,Singapore,1
China,Thailand,1
Japan,Thailand,1
"Korea, Republic of",Malaysia,1
Tanzania,Ukraine,1
"Korea, Republic of",Thailand,1
"Korea, Republic of",Viet Nam,1
Malaysia,Singapore,1
Malaysia,Thailand,1
Malaysia,Viet Nam,1
Singapore,Viet Nam,1
Thailand,Viet Nam,1
Australia,Malawi,1
Cambodia,Italy,1
Cambodia,Malawi,1
Malawi,Switzerland,1
Malaysia,United Arab Emirates,1
Qatar,United Arab Emirates,1
Sudan,United Arab Emirates,1
Malta,Nigeria,1
"Korea, Republic of",Singapore,1
Uganda,Ukraine,1
Ukraine,United Kingdom,1
Ukraine,United States,1
Ukraine,Zimbabwe,1
Bahrain,Ethiopia,1
Egypt,Trinidad and Tobago,1
Japan,Lebanon,1
Bahrain,Ghana,1
Bahrain,United States,1
Belgium,Luxembourg,1
Democratic Republic of the Congo,Luxembourg,1
Ethiopia,Luxembourg,1
Luxembourg,Uganda,1
Belgium,Rwanda,1
China,Switzerland,1
Burundi,Mexico,1
Australia,Timor-Leste,1
Fiji,South Africa,1
Fiji,Thailand,1
Fiji,Timor-Leste,1
Fiji,United Kingdom,1
South Africa,Timor-Leste,1
Thailand,Timor-Leste,1
Timor-Leste,United Kingdom,1
Burundi,United Kingdom,1
Italy,Malaysia,1
Denmark,Switzerland,1
Australia,Tanzania,1
Germany,Malaysia,1
Kenya,United Arab Emirates,1
Burundi,Cambodia,1
Australia,Fiji,1
India,Turks and Caicos Islands,1
Nigeria,Turks and Caicos Islands,1
Kyrgyzstan,Poland,1
Sudan,Sweden,1
"Korea, Republic of",Pakistan,1
Brazil,Pakistan,1
Brazil,Tanzania,1
Brazil,Zimbabwe,1
Pakistan,Zimbabwe,1
Belgium,Pakistan,1
Israel,Switzerland,1
Israel,United States,1
Angola,Sweden,1
France,Tanzania,1
Hungary,India,1
Cambodia,Nepal,1
Hungary,Russian Federation,1
Hungary,United States,1
Iceland,India,1
Namibia,Netherlands,1
Cambodia,Pakistan,1
Côte d'Ivoire,France,1
Malawi,Republic of the Congo,1
Namibia,Republic of the Congo,1
Republic of the Congo,Switzerland,1
Afghanistan,Germany,1
Cameroon,Philippines,1
Laos,Pakistan,1
Mexico,Rwanda,1
Democratic Republic of the Congo,Netherlands,1
Côte d'Ivoire,Rwanda,1
Hungary,Japan,1
Guinea-Bissau,Mozambique,1
Guinea-Bissau,Netherlands,1
Azerbaijan,Ecuador,1
Kyrgyzstan,Sweden,1
Kyrgyzstan,Turkmenistan,1
Kyrgyzstan,United States,1
Poland,Sweden,1
Poland,Turkmenistan,1
Sweden,Turkmenistan,1
Turkmenistan,United Kingdom,1
Croatia,Mali,1
Australia,Rwanda,1
Egypt,West Bank and Gaza,1
Georgia,Ghana,1
Georgia,United Kingdom,1
Guyana,Turks and Caicos Islands,1
Argentina,Belgium,1
Argentina,Ethiopia,1
Argentina,Kenya,1
Argentina,United States,1
Norway,Pakistan,1
Canada,Saudi Arabia,1
Pakistan,Saudi Arabia,1
"Iran, Islamic Republic of",Ireland,1
"Iran, Islamic Republic of",United States,1
Sudan,Tanzania,1
Lithuania,Nigeria,1
Afghanistan,Mozambique,1
Democratic Republic of the Congo,Mozambique,1
Bangladesh,United Arab Emirates,1
Guyana,India,1
"Iran, Islamic Republic of",Pakistan,1
Bolivia,Ethiopia,1
Bolivia,India,1
Bolivia,Nepal,1
Bolivia,Nigeria,1
Bolivia,Panama,1
Bolivia,Philippines,1
Bolivia,Rwanda,1
Bolivia,Sweden,1
Bolivia,Tanzania,1
Bolivia,Uganda,1
Bolivia,Ukraine,1
Bolivia,United Kingdom,1
Bolivia,Zimbabwe,1
Botswana,Cambodia,1
Botswana,Canada,1
Mali,Nepal,1
Botswana,Democratic Republic of the Congo,1
Botswana,Ethiopia,1
Botswana,India,1
Botswana,Nepal,1
Botswana,Panama,1
Botswana,Philippines,1
Botswana,Rwanda,1
Botswana,Sweden,1
Botswana,Ukraine,1
Botswana,United States,1
Botswana,Zimbabwe,1
Cambodia,Canada,1
Cambodia,Colombia,1
Cambodia,Democratic Republic of the Congo,1
Cambodia,Ethiopia,1
Botswana,Colombia,1
Germany,New Zealand,1
Bangladesh,Republic of the Congo,1
Burkina Faso,Sweden,1
Sudan,United Kingdom,1
Australia,Papua New Guinea,1
Israel,United Kingdom,1
Belgium,Mauritania,1
Burkina Faso,Mauritania,1
Pakistan,Republic of the Congo,1
France,Poland,1
Poland,Tunisia,1
Germany,Slovakia,1
Malaysia,Serbia,1
Qatar,Serbia,1
Belgium,Jordan,1
Bolivia,Democratic Republic of the Congo,1
Bolivia,Colombia,1
Bolivia,Canada,1
Bolivia,Cambodia,1
Bolivia,Botswana,1
Canada,Italy,1
Burkina Faso,Italy,1
Indonesia,Thailand,1
Belgium,West Bank and Gaza,1
Denmark,Indonesia,1
China,Netherlands,1
Italy,Tanzania,1
Switzerland,Taiwan,1
Greece,Taiwan,1
Cambodia,Taiwan,1
Cambodia,Greece,1
Belgium,Greece,1
Denmark,Thailand,1
Armenia,Chile,1
Armenia,China,1
Armenia,Côte d'Ivoire,1
Armenia,India,1
Armenia,Japan,1
Armenia,Nepal,1
Armenia,Pakistan,1
Armenia,Portugal,1
Armenia,Serbia,1
Armenia,Sri Lanka,1
Armenia,United States,1
Armenia,Viet Nam,1
Australia,Chile,1
Australia,Côte d'Ivoire,1
Australia,Portugal,1
Malta,United Kingdom,1
Canada,Portugal,1
Canada,Sri Lanka,1
Canada,Viet Nam,1
Chile,China,1
Chile,Côte d'Ivoire,1
Chile,Nepal,1
Chile,Nigeria,1
Chile,Pakistan,1
Chile,Portugal,1
Chile,Sri Lanka,1
Chile,Viet Nam,1
China,Côte d'Ivoire,1
China,Portugal,1
China,Sri Lanka,1
Côte d'Ivoire,India,1
Australia,Sri Lanka,1
Japan,Myanmar,1
Myanmar,Viet Nam,1
Australia,Uganda,1
Ethiopia,Puerto Rico,1
Bhutan,Thailand,1
Egypt,Pakistan,1
Cameroon,China,1
Palau,United States,1
Palau,West Bank and Gaza,1
United States,West Bank and Gaza,1
Pakistan,West Bank and Gaza,1
Sweden,West Bank and Gaza,1
Taiwan,United Kingdom,1
"Korea, Republic of",Taiwan,1
Afghanistan,Tajikistan,1
Armenia,Canada,1
Tajikistan,Tunisia,1
Senegal,Spain,1
Bangladesh,Philippines,1
Norway,Sierra Leone,1
Kenya,Mexico,1
Kenya,Slovenia,1
Mexico,Slovenia,1
Mexico,South Africa,1
Slovenia,South Africa,1
Nigeria,Poland,1
Poland,Uganda,1
Ireland,Sweden,1
Ireland,Viet Nam,1
Türkiye,Zambia,1
Armenia,Australia,1
Afghanistan,Tunisia,1
Denmark,Zimbabwe,1
Belgium,Denmark,1
Belgium,Mali,1
Cambodia,Denmark,1
Denmark,Mali,1
Canada,Cyprus,1
Canada,Russian Federation,1
Chile,Cyprus,1
Chile,Russian Federation,1
Cyprus,Germany,1
Cyprus,India,1
Cyprus,Japan,1
Cyprus,Serbia,1
Germany,Russian Federation,1
Egypt,Sudan,1
Côte d'Ivoire,Japan,1
Saudi Arabia,United States,1
Sudan,United States,1
France,Japan,1
Hong Kong,Nigeria,1
France,Qatar,1
Germany,Rwanda,1
China,Russian Federation,1
Pakistan,Russian Federation,1
Greece,Italy,1
Burundi,Japan,1
Burundi,Switzerland,1
France,Zambia,1
Sweden,The Gambia,1
Australia,Qatar,1
India,Qatar,1
Saudi Arabia,Sudan,1
Côte d'Ivoire,Nepal,1
Côte d'Ivoire,Nigeria,1
Côte d'Ivoire,Pakistan,1
Côte d'Ivoire,Portugal,1
Côte d'Ivoire,Serbia,1
Côte d'Ivoire,Sri Lanka,1
Côte d'Ivoire,Viet Nam,1
India,Portugal,1
Japan,Nepal,1
Japan,Portugal,1
Japan,Sri Lanka,1
Nepal,Portugal,1
Nepal,Sri Lanka,1
Nepal,Viet Nam,1
Nigeria,Portugal,1
Ghana,Zimbabwe,1
Pakistan,Portugal,1
Pakistan,Serbia,1
Pakistan,Sri Lanka,1
Pakistan,Viet Nam,1
Portugal,Serbia,1
Portugal,Sri Lanka,1
Portugal,United States,1
Portugal,Viet Nam,1
Serbia,Sri Lanka,1
Serbia,Viet Nam,1
Sri Lanka,Viet Nam,1
Belgium,Niger,1
Niger,Switzerland,1
Egypt,Germany,1
Egypt,Hungary,1
Nigeria,Sri Lanka,1
Bahrain,Belgium,1
Bahrain,Tunisia,1
Belgium,Tunisia,1
Chile,Ethiopia,1
Chile,France,1
Chile,Netherlands,1
Chile,Philippines,1
Chile,South Africa,1
Chile,Uganda,1
Chile,United Kingdom,1
France,Serbia,1
France,Uganda,1
Serbia,Uganda,1
Bangladesh,Malawi,1
India,Oman,1
Cambodia,Myanmar,1
Kuwait,Malaysia,1
Bangladesh,Kazakhstan,1
Kazakhstan,Sweden,1
Kazakhstan,United Kingdom,1
Ghana,Mozambique,1
Ghana,Rwanda,1
Mozambique,Rwanda,1
Mozambique,Zambia,1
Rwanda,Zambia,1
Benin,United Kingdom,1
India,Spain,1
France,Morocco,1
Kazakhstan,Kenya,1
Kazakhstan,South Africa,1
Kazakhstan,Sudan,1
Cameroon,Switzerland,1
Germany,Uzbekistan,1
Uganda,Uzbekistan,1
Ireland,South Africa,1
Canada,Peru,1
Ethiopia,Malawi,1
Ethiopia,Peru,1
Malawi,Peru,1
Netherlands,Pakistan,1
Pakistan,Peru,1
Peru,United Kingdom,1
Peru,United States,1
Bangladesh,South Africa,1
Bahrain,Nepal,1
Benin,Nepal,1
Rwanda,Tajikistan,1
Spain,Zambia,1
Bangladesh,Saudi Arabia,1
Burundi,Germany,1
Bangladesh,Chile,1
Belgium,Chad,1
Burkina Faso,Chad,1
Chad,Switzerland,1
Laos,Norway,1
Laos,South Africa,1
Ghana,Mexico,1
Ghana,Peru,1
Mexico,Peru,1
Mexico,Spain,1
Mexico,Zambia,1
Peru,Spain,1
Peru,Zambia,1
Tajikistan,United States,1
Czechia,Ghana,1
Austria,France,1
Austria,Kenya,1
Ireland,Kenya,1
Ghana,Lebanon,1
Lebanon,Switzerland,1
Japan,Papua New Guinea,1
Netherlands,New Zealand,1
Benin,Republic of the Congo,1
Burkina Faso,Republic of the Congo,1
France,Republic of the Congo,1
Mali,Republic of the Congo,1
Sweden,Switzerland,1
Burkina Faso,Hong Kong,1
Canada,Hong Kong,1
South Africa,Sudan,1
Burkina Faso,Ethiopia,1
Denmark,Uganda,1
Laos,United Kingdom,1
Cyprus,Türkiye,1
Nigeria,Türkiye,1
Russian Federation,Türkiye,1
Canada,Mozambique,1
Côte d'Ivoire,Mozambique,1
Jordan,Portugal,1
Lebanon,Portugal,1
Portugal,West Bank and Gaza,1
Finland,India,1
Finland,Switzerland,1
Finland,The Gambia,1
India,The Gambia,1
Nigeria,Tajikistan,1
Kenya,Togo,1
Germany,Nepal,1
Ghana,Kazakhstan,1
"Korea, Republic of",Puerto Rico,1
Puerto Rico,United States,1
Indonesia,Netherlands,1
India,Morocco,1
Benin,Egypt,1
Benin,Morocco,1
Egypt,Tunisia,1
Germany,Mozambique,1
Germany,Somalia,1
Kenya,Somalia,1
Mozambique,Somalia,1
Finland,Germany,1
Thailand,Zimbabwe,1
Myanmar,Taiwan,1
Afghanistan,United Kingdom,1
China,Malawi,1
Canada,United Arab Emirates,1
India,Laos,1
Cuba,United States,1
Cuba,Spain,1
Finland,Malawi,1
Bolivia,Cuba,1
Mali,Malta,1
India,Mali,1
France,Nepal,1
France,Myanmar,1
Netherlands,Zimbabwe,1
Australia,Zimbabwe,1
Belgium,Lesotho,1
Bolivia,Spain,1
