keyword,occurrences
Economic growth,3540
Economics,3537
Business,3465
Health insurance,1879
Population,1707
Finance,1450
Political science,1238
Nursing,1231
Actuarial science,1159
Government (linguistics),1068
Socioeconomics,1025
Health policy,798
Geography,732
Payment,712
Public economics,669
Family medicine,589
Marketing,483
Health services,469
Sociology,465
National health insurance,460
Logistic regression,455
Demography,450
Computer science,431
Poverty,387
Descriptive statistics,371
Context (archaeology),365
Health economics,354
Demographic economics,332
Quality (philosophy),330
Equity (law),316
Psychology,313
Service (business),312
Health services research,280
Health administration,278
Self-insurance,270
Health facility,261
Mathematics,249
Law,240
Socioeconomic status,239
Scheme (mathematics),237
Psychological intervention,233
Qualitative research,232
Community health,231
Public finance,222
Internal medicine,215
Willingness to pay,215
Social determinants of health,214
Statistics,211
Tanzania,205
Public relations,204
Cross-sectional study,204
National Health Interview Survey,199
Private sector,194
Insurance policy,169
Health informatics,166
User fee,162
Revenue,161
State (computer science),160
Sample (material),159
Focus group,158
Per capita,155
Subsidy,154
Purchasing,154
Incentive,153
Income protection insurance,152
Rural area,149
Politics,143
Reimbursement,143
Health equity,138
Public expenditure,137
Development economics,133
Thematic analysis,130
Econometrics,128
General insurance,127
Public sector,124
Public administration,123
Nursing research,123
Consumption (sociology),119
Odds,118
Sustainability,117
Work (physics),117
Social insurance,116
Welfare,114
Gerontology,113
Perception,108
Macroeconomics,106
Disease,103
Inequality,102
Odds ratio,101
Catastrophic illness,98
Social policy,98
Service delivery framework,96
Corporate governance,95
Intervention (counseling),90
Informal sector,89
Key person insurance,83
Group insurance,80
MEDLINE,80
Gross domestic product,79
Data collection,78
Residence,77
Pediatrics,77
Marital status,76
Investment (military),76
Confidence interval,74
Health care financing,73
Health spending,73
Engineering,71
Accountability,70
Accounting,69
Referral,69
Household income,69
Macro,67
Stakeholder,66
Rural health,65
Social security,64
Psychiatry,64
Infant mortality,64
Service provider,63
Emergency medicine,62
Healthcare system,60
Attendance,59
Social science,58
Propensity score matching,57
Pregnancy,57
Incidence (geometry),56
Health sector,55
Maternal health,55
Coronavirus disease 2019 (COVID-19),55
Operations management,54
Distribution (mathematics),54
Pathology,54
Medical emergency,54
Patient satisfaction,53
Contingent valuation,53
Microeconomics,52
Process (computing),52
Social protection,52
Reproductive health,52
Qualitative property,51
Panel data,51
Interview,51
Medical education,50
Bivariate analysis,50
Medical prescription,50
Scale (ratio),49
Life expectancy,49
Pharmacy,49
Quality of Life Research,48
Risk pool,48
Product (mathematics),47
Biostatistics,47
Descriptive research,46
Public health insurance,46
Local government,46
Indirect costs,46
Environmental planning,46
Perspective (graphical),45
Malaria,45
Pandemic,45
Vulnerability (computing),45
Mental health,45
Workforce,44
Affect (linguistics),44
Capitation,44
Index (typography),44
Christian ministry,44
Population health,44
Test (biology),43
Diabetes mellitus,42
Disadvantaged,42
Government expenditure,42
Global health,42
Social psychology,42
Cash,42
Universal coverage,42
Tertiary care,42
Productivity,41
Outreach,41
Agriculture,41
Multinomial logistic regression,41
Nonprobability sampling,40
Government spending,40
Estimation,40
Epidemiology,40
Transparency (behavior),40
Cancer,39
Probit model,39
Accreditation,38
Kenya,38
Nigerians,38
General partnership,38
Risk analysis (engineering),37
Surgery,37
Primary health care,37
Agency (philosophy),36
Debt,36
Stratified sampling,36
Regression analysis,36
Disease burden,36
Survey sampling,36
Computer security,35
Inclusion (mineral),35
Primary care,35
Sierra leone,35
Public policy,35
Medical insurance,34
Beneficiary,34
Likert scale,34
Coping (psychology),34
Civil servants,34
Child health,33
Control (management),33
Management,32
Scope (computer science),32
Child mortality,32
Cost sharing,32
Tamil,32
Alternative medicine,32
Medical Expenditure Panel Survey,32
Observational study,32
Prepayment of loan,32
Order (exchange),31
Virology,31
Low and middle income countries,31
Unit (ring theory),31
Pooling,31
Market economy,30
Multivariate analysis,30
Health promotion,30
Microinsurance,30
Distributed lag,30
Baseline (sea),30
Pharmacology,30
Total cost,29
Financial risk,29
Private insurance,29
Exploratory research,29
Pay for performance,29
Cointegration,28
Process management,28
Agricultural economics,28
Democracy,28
Cluster (spacecraft),28
Capital expenditure,28
Innovative financing,28
Intensive care medicine,27
Respondent,27
Systematic review,27
Tuberculosis,26
Audit,26
Human immunodeficiency virus (HIV),26
Sequence (biology),26
Activity-based costing,26
Scopus,25
Casualty insurance,25
Salary,25
Empirical evidence,25
Empowerment,25
Artificial intelligence,25
Procurement,24
China,24
Proxy (statistics),24
Randomized controlled trial,24
Microfinance,24
Autonomy,24
Adverse selection,24
Service quality,24
Healthcare policy,23
Slum,23
Fiscal space,23
Labour economics,23
Endogeneity,23
Mortality rate,23
Economy,22
Probit,22
Kidney disease,22
2019-20 coronavirus outbreak,22
Turnover,22
Cohort,22
Value (mathematics),22
Immunology,22
Resource (disambiguation),22
Protocol (science),22
Essential medicines,22
Survey data collection,22
HRHIS,22
Distress,21
Simple random sample,21
Risk management,21
Business interruption insurance,21
Drug,21
Cost–benefit analysis,21
Health care reform,21
Human capital,21
Severe acute respiratory syndrome coronavirus 2 (SARS-CoV-2),21
Local government area,21
Sustainable development,21
Ambulatory care,20
Knowledge management,20
Ordinary least squares,20
Psychological resilience,20
Economic shortage,20
Program evaluation,20
Infectious disease (medical specialty),20
Negotiation,20
Empirical research,20
Documentation,20
Mobile payment,20
Family planning,19
Nexus (standard),19
Impact evaluation,19
Low income,19
Rural community,19
International health,19
Solidarity,19
Universal design,19
Ethnic group,19
Oral health,18
Instrumental variable,18
Economic policy,18
Livelihood,18
Legislation,18
Public healthcare,18
Longitudinal study,18
Cost effectiveness,18
Moral hazard,18
Purchasing power,18
Universal health care,18
Quarter (Canadian coin),18
Customer satisfaction,18
Millennium Development Goals,18
Tax revenue,17
Retrospective cohort study,17
Non-communicable disease,17
Outbreak,17
Traditional medicine,17
Inpatient care,17
Selection (genetic algorithm),17
Life insurance,17
Monetary economics,17
Health technology,16
Economic inequality,16
Commission,16
Plan (archaeology),16
Per capita income,16
Meta-analysis,16
Metropolitan area,16
Teaching hospital,16
Systematic sampling,16
Childbirth,16
Fiscal policy,16
Matching (statistics),16
Social capital,16
Prenatal care,16
Decentralization,16
Key (lock),16
Machine learning,15
Multilevel model,15
Point (geometry),15
Internet privacy,15
Environmental resource management,15
Multistage sampling,15
Strategic planning,15
Cohort study,15
Aggregate expenditure,15
Health education,15
Rural population,15
Digital health,15
Preparedness,15
Resilience (materials science),15
Causality (physics),14
Caste,14
Mental illness,14
Variety (cybernetics),14
Quality of life (healthcare),14
Voucher,14
Environmental economics,14
Breast cancer,14
Legislature,14
Dental insurance,14
Blood pressure,14
Cluster randomised controlled trial,14
Pension,14
Grey literature,14
Indigenous,14
Poisson regression,14
Healthcare service,14
Field (mathematics),13
Uttar pradesh,13
Financial services,13
Advertising,13
Valuation (finance),13
Financial literacy,13
Medical underwriting,13
Chi-square test,13
Copayment,13
Census,13
Conditional cash transfer,13
Dropout (neural networks),13
Outpatient clinic,13
Malnutrition,13
Restructuring,13
Remuneration,13
Settlement (finance),13
Operationalization,13
Obstetrics,13
Poverty reduction,13
History,13
Refugee,13
Data mining,13
Structural equation modeling,13
Healthcare delivery,12
Waiver,12
Financial inclusion,12
Action (physics),12
Insurance law,12
Sanitation,12
Schedule,12
Chronic disease,12
Dental care,12
Granger causality,12
Dialysis,12
Core (optical fiber),12
Stakeholder analysis,12
Checklist,12
Policy analysis,12
Association (psychology),12
Outcome (game theory),12
Cluster sampling,12
Public–private partnership,12
Medical record,12
Endocrinology,12
Earnings,12
Language change,12
Vaccination,11
World Wide Web,11
Receipt,11
Safeguarding,11
Veterinary medicine,11
Credibility,11
Health indicator,11
Prospective cohort study,11
Latin Americans,11
Spouse,11
Human resources,11
Job satisfaction,11
Join (topology),11
Caesarean section,11
Data science,11
Shock (circulatory),11
Literacy,11
Preference,11
Logit,11
Medicaid,11
Medical care,11
Public health care,11
Relevance (law),11
Snowball sampling,11
Autoregressive integrated moving average,10
Medical expenses,10
Asset (computer security),10
Neonatal mortality,10
Fiscal sustainability,10
Focus (optics),10
Humanities,10
Fixed effects model,10
Unintended consequences,10
Safety net,10
Urbanization,10
Qualitative analysis,10
Guideline,10
Selection bias,10
Ordered probit,10
Capital (architecture),10
Table (database),10
Bridging (networking),10
Bureaucracy,10
Cash transfers,10
Occupational safety and health,10
Economic evaluation,10
Time series,10
Average treatment effect,10
Physics,10
Population ageing,10
Health care management,10
Position (finance),10
Ordered logit,10
Ranking (information retrieval),10
Financial distress,10
Face (sociological concept),10
Bidding,10
Antibiotics,10
Quality management,10
Inflation (cosmology),9
Cervical cancer,9
Disbursement,9
Crowding out,9
Metric (unit),9
Social Welfare,9
Environmental science,9
Conceptual framework,9
Database transaction,9
Mobile phone,9
Reproductive medicine,9
Natural resource economics,9
Theory of planned behavior,9
Gini coefficient,9
Ecology,9
Telecommunications,9
Random forest,9
Expectancy theory,9
Mediation,9
Physical therapy,9
Rehabilitation,9
Pharmaceutical Benefits Scheme,9
Depression (economics),9
Set (abstract data type),9
Health plan,9
Applied psychology,8
Myocardial infarction,8
Database,8
Declaration,8
Epidemiological transition,8
Redress,8
Quantile regression,8
Modalities,8
Newspaper,8
National Insurance,8
New guinea,8
Multivariate probit model,8
Underwriting,8
Publishing,8
Unit root,8
Reinsurance,8
Interquartile range,8
Burden of disease,8
Citizen journalism,8
Optometry,8
Interrupted time series,8
Economic cost,8
CLARITY,8
Risk financing,8
Average cost,8
Reliability (semiconductor),8
Mandate,8
Political economy,8
Phone,8
Strengths and weaknesses,8
Power (physics),8
Statistical significance,8
Migrant workers,8
Health professionals,8
Feeling,8
Financial management,8
Path (computing),8
Panel analysis,8
Institution,8
Government budget,8
Sample size determination,8
Educational attainment,8
Supply chain,8
Quartile,8
Mixed logit,8
Variables,8
Type 2 diabetes,8
Publication,8
Leverage (statistics),8
Promotion (chess),8
SERVQUAL,8
Cochrane Library,8
Subsistence agriculture,8
Multivariate statistics,7
Wasting,7
Narrative review,7
Implementation research,7
Staffing,7
Food security,7
Unavailability,7
National Rural Health Mission,7
Devolution (biology),7
Heart failure,7
Postnatal Care,7
Interrupted Time Series Analysis,7
International trade,7
Lagging,7
Revenue sharing,7
Resource allocation,7
Entitlement (fair division),7
Ogun state,7
Psychosocial,7
Liberalization,7
Limiting,7
Tobit model,7
Inefficiency,7
Immigration,7
Principal (computer security),7
Research design,7
Livestock,7
Health benefits,7
Demographics,7
Hemodialysis,7
Social media,7
Profit (economics),7
Chemistry,7
Pace,7
Dispensary,7
Government revenue,7
Unemployment,7
Big data,7
Health literacy,7
Fee-for-service,7
Dentistry,7
Health protection,7
Mechanism (biology),7
Art,6
Archaeology,6
Workload,6
Administration (probate law),6
Autoregressive model,6
Decision tree,6
Social class,6
Wage,6
Randomized experiment,6
Recession,6
Type 2 Diabetes Mellitus,6
Family income,6
Data envelopment analysis,6
Poison control,6
Cover (algebra),6
Cote d ivoire,6
Identification (biology),6
Moderation,6
Multimorbidity,6
Federal capital territory,6
Informed consent,6
Overtime,6
Originality,6
Stewardship (theology),6
Communicable disease,6
Economic impact analysis,6
Econometric model,6
Profitability index,6
Community health workers,6
Cardiology,6
Payment system,6
Center (category theory),6
Dynamics (music),6
Prosperity,6
Cancer screening,6
Goods and services,6
Tertiary institution,6
Scarcity,6
Savings account,6
Gross national income,6
Community participation,6
Peritoneal dialysis,6
Bayesian probability,6
Enforcement,6
Statutory law,6
Maternal mortality rate,6
Health belief model,6
Animal ecology,6
Mutual aid,6
Access to medicines,6
Health communication,6
Popularity,6
Direct cost,6
Difference in differences,6
Disadvantage,6
Framing (construction),6
Unit root test,6
Unit cost,6
Fertility,5
Exchange rate,5
Critical appraisal,5
World Development Indicators,5
Action research,5
Stroke (engine),5
Performance indicator,5
Insurance premium,5
Parliament,5
Participatory action research,5
Redistribution (election),5
External financing,5
Variance (accounting),5
Stock (firearms),5
Job loss,5
Patient Protection and Affordable Care Act,5
Information system,5
Information and Communications Technology,5
Officer,5
Linkage (software),5
Loan,5
Tracking (education),5
Capacity building,5
Good governance,5
Duration (music),5
Khyber pakhtunkhwa,5
Class (philosophy),5
Comorbidity,5
Support vector machine,5
Suicide prevention,5
Intermediary,5
Payment service provider,5
Payroll,5
Interpersonal communication,5
Income distribution,5
Harm,5
Gynecology,5
Injury prevention,5
Attrition,5
Replication (statistics),5
Competition (biology),5
Pharmacist,5
Indemnity,5
Competitive advantage,5
Null hypothesis,5
Operations research,5
Error correction model,5
Emerging markets,5
Remittance,5
Obligation,5
Social work,5
Confounding,5
Health data,5
Component (thermodynamics),5
Scrutiny,5
Philosophy,5
Diarrhea,5
Delphi method,5
Independence (probability theory),5
Renal replacement therapy,5
Enabling,5
Premise,5
Plasmodium falciparum,5
Short run,5
Desk,5
Higher education,5
Stakeholder engagement,5
Specialty,5
Space (punctuation),5
Corporation,5
Coronary artery disease,5
Health security,5
Fiscal year,5
Pneumonia,5
Neglect,5
Under-five,5
Public hospital,5
Flexibility (engineering),5
Artemisinin,5
Tropical medicine,5
Birth attendant,5
National Policy,5
Bibliometrics,4
Purchasing power parity,4
Public spending,4
Quality-adjusted life year,4
Vascular surgery,4
Algorithm,4
Benchmarking,4
Multimethodology,4
Anxiety,4
Ambulatory,4
Ancient history,4
Abdominal surgery,4
Reduction (mathematics),4
Formative assessment,4
Financial system,4
Biotechnology,4
Reputation,4
Regression discontinuity design,4
Underinsured,4
Triage,4
Managed care,4
Breast cancer screening,4
Medication adherence,4
Narrative,4
Social support,4
Postponement,4
Poverty level,4
Poverty trap,4
Possession (linguistics),4
Ideology,4
Dar es salaam,4
Constitution,4
Confidentiality,4
Colorectal cancer,4
Intensive care unit,4
Mainstream,4
Cancer registry,4
Cancer treatment,4
CINAHL,4
Research methodology,4
Essential drugs,4
Risk aversion (psychology),4
Publicity,4
Maternity care,4
Normative,4
Social exclusion,4
Significant difference,4
Developed country,4
Sustenance,4
Supply side,4
Decomposition,4
Crore,4
Cronbach's alpha,4
Supply chain management,4
Community health center,4
Human resource management,4
Clinical psychology,4
Direct Payments,4
Denial,4
Delivery system,4
Demand side,4
Price elasticity of demand,4
Series (stratigraphy),4
Head (geology),4
Dilemma,4
Dimension (graph theory),4
Civil society,4
Chronic poverty,4
Citizenship,4
Private finance initiative,4
Teamwork,4
Cardiac surgery,4
Telemedicine,4
Budget constraint,4
Sanctions,4
SWOT analysis,4
Safeguard,4
Casual,4
Catchment area,4
Lakh,4
Operational efficiency,4
Oncology,4
Obstetrics and gynaecology,4
Liberian dollar,4
Cartography,4
Timeline,4
Theory of reasoned action,4
Total factor productivity,4
Total fertility rate,4
Orthopedic surgery,4
Law and economics,4
Disease management,4
Gross fixed capital formation,4
Distrust,4
Drop out,4
Emergency department,4
Rural district,4
Discontinuation,4
Cost-effectiveness analysis,4
Cost analysis,4
Competence (human resources),4
Convergence (economics),4
Industrial organization,4
Consumer behaviour,4
Computable general equilibrium,4
Compensation (psychology),4
Insurance industry,4
Statistic,4
Pharmaceutical policy,4
Asthma,4
Measles,4
Measure (data warehouse),4
Anemia,4
Minor (academic),4
Vietnamese,4
Mental health care,4
Spillover effect,4
Adverse effect,4
West bengal,4
Welfare economics,4
Welfare state,4
Viewpoints,4
Analytic hierarchy process,4
Southeastern Nigeria,4
Counterintuitive,4
Immunization,4
ICTS,4
Variable (mathematics),3
Covariate,3
Hysterectomy,3
Human settlement,3
Analytics,3
Missing data,3
Middle East,3
Mental health law,3
Medical tourism,3
Asia pacific,3
Medical costs,3
Maximum temperature,3
Vaginal delivery,3
University hospital,3
Externality,3
Percutaneous coronary intervention,3
Insurance fraud,3
Statistical analysis,3
Income elasticity of demand,3
Period (music),3
Constraint (computer-aided design),3
Construct (python library),3
Consumer expenditure,3
State government,3
Conventional PCI,3
Consumption smoothing,3
Plateau (mathematics),3
Pill,3
Infertility,3
Compromise,3
Cost database,3
Cost driver,3
Cornerstone,3
Pillar,3
Plant biology,3
Risk perception,3
Robustness (evolution),3
Electrical engineering,3
Economic interventionism,3
Discrete choice,3
Discretion,3
Sampling frame,3
Duty,3
Gradient boosting,3
Hausa,3
Hausman test,3
Dividend,3
Disease control,3
Grievance,3
Domain (mathematical analysis),3
Drainage basin,3
Production (economics),3
Gross income,3
Section (typography),3
Schizophrenia (object-oriented programming),3
Scholarship,3
Organizational performance,3
Launched,3
Transplantation,3
Transfer payment,3
Tourism,3
Training (meteorology),3
Library science,3
Carry (investment),3
Capitation fee,3
Opposition (politics),3
Open peer review,3
Categorization,3
Causal loop diagram,3
Cardiothoracic surgery,3
Lag,3
Caesarean delivery,3
Economic Justice,3
Economic analysis,3
Tariff,3
Chronic care,3
Child survival,3
Tertiary level,3
The Internet,3
Term (time),3
Tax reform,3
System dynamics,3
Preventive care,3
Prescription drug,3
Health worker,3
Digitization,3
Hazard,3
Delphi,3
Delta,3
Directive,3
Certificate,3
Clinical trial,3
Joint (building),3
Islam,3
Palestine,3
Outsourcing,3
Community engagement,3
Kannada,3
Supply and demand,3
Comparability,3
Health management system,3
Human geography,3
Hospital care,3
Hierarchy,3
Decree,3
Defined daily dose,3
Data analysis,3
Dental health,3
Depressive symptoms,3
Survival analysis,3
Food insecurity,3
Balanced budget,3
Balanced scorecard,3
Mass media,3
Malignancy,3
Loop (graph theory),3
Low birth weight,3
Location,3
Geopolitics,3
Geospatial analysis,3
Economic geography,3
EconLit,3
Entrepreneurship,3
End stage renal disease,3
Ex-ante,3
Ethnography,3
Epistemology,3
Risk assessment,3
Lumefantrine,3
Cape,3
Total revenue,3
Timor leste,3
Supreme court,3
Surgical oncology,3
Surgical procedures,3
Information asymmetry,3
Interoperability,3
International development,3
Interdependence,3
Interim,3
Confusion,3
Consistency (knowledge bases),3
Institutionalisation,3
Statistical software,3
Positive economics,3
Implementation,3
Incentive program,3
Current (fluid),3
Port (circuit theory),3
Portfolio,3
Somali,3
Sociocultural evolution,3
Heteroscedasticity,3
Financial crisis,3
Fidelity,3
Epilepsy,3
Rationing,3
Ambiguity,3
Medical diagnosis,3
Nephrology,3
Tribe,3
Malmquist index,3
Management science,3
Blockchain,3
Body mass index,3
Birth weight,3
Formulary,3
Public health policy,3
Regional science,3
Front line,3
Frontier,3
Financial transaction,3
Gene,3
Population growth,3
Explanatory power,3
Expected utility hypothesis,3
Abia,3
Absenteeism,3
Waterborne diseases,3
Multinational corporation,3
Morale hazard,3
Antibiotic resistance,3
Antihypertensive drug,3
Annals,3
Allowance (engineering),3
Agricultural productivity,3
Volatility (finance),3
Artemether,3
Benin city,3
Amodiaquine,3
Radiation oncology,3
Faith,3
Falling (accident),3
Sri lanka,3
Argument (complex analysis),2
Yield (engineering),2
Water quality,2
Water scarcity,2
Water supply,2
Vulnerability index,2
Bayes' theorem,2
Bayesian information criterion,2
Variation (astronomy),2
Usability,2
Autism,2
Autism spectrum disorder,2
Auto insurance risk selection,2
Typology,2
Naive Bayes classifier,2
Altruism (biology),2
Voluntary sector,2
Financial economics,2
Financial independence,2
Field research,2
Feature (linguistics),2
National accounts,2
Medical physics,2
Medical services,2
Univariate,2
Underpinning,2
Underweight,2
Unified theory of acceptance and use of technology,2
Unintended pregnancy,2
Treasury,2
Transmission (telecommunications),2
Neuroscience,2
New political economy,2
Neglected tropical diseases,2
Nationality,2
Natural disaster,2
Natural experiment,2
Fragmentation (computing),2
French,2
Function (biology),2
Functional illiteracy,2
Public health interventions,2
Public health law,2
Bond,2
Biochemistry,2
Sociology of health and illness,2
Social inequality,2
Social justice,2
Currency,2
Current Population Survey,2
Customer base,2
Crop insurance,2
Polypharmacy,2
Penetration (warfare),2
Integrated Management of Childhood Illness,2
Institutional analysis,2
Software deployment,2
Solvency,2
Solvency ratio,2
South east,2
Southeast asia,2
Consumer Expenditure Survey,2
State income tax,2
State of health,2
Statistical hypothesis testing,2
Pharmaceutical care,2
Periodontal disease,2
Personality,2
Percentile,2
County government,2
Cost reduction,2
Count data,2
Physical illness,2
Pharmacoeconomics,2
Indirect finance,2
Competitor analysis,2
Continuity of care,2
Situation analysis,2
Skepticism,2
Decision support system,2
Decision-making,2
Health related quality of life,2
Health intervention,2
Human development (humanity),2
Subgroup analysis,2
Sickle cell anemia,2
Shareholder,2
Service innovation,2
Development aid,2
Crowding,2
Creditor,2
Social cost,2
Situated,2
Status quo,2
Conceptualization,2
Inflammatory bowel disease,2
Intersection (aeronautics),2
Interpretation (philosophy),2
Pedagogy,2
Supply chain risk management,2
Data quality,2
Policy making,2
Impact assessment,2
Colonialism,2
Combination therapy,2
Cognitive reframing,2
Structural change,2
Stigma (botany),2
Statistical model,2
Secrecy,2
Hazard ratio,2
Prioritization,2
Private equity,2
Private equity fund,2
Prevalence,2
Primary (astronomy),2
Heat stress,2
Coaching,2
Clinical decision support system,2
Dengue fever,2
Directly Observed Therapy,2
Disability-adjusted life year,2
Digital transformation,2
Differential (mechanical device),2
Semi-structured interview,2
Parity (physics),2
Journal of Public Health,2
Panacea (medicine),2
Overcrowding,2
Chikungunya,2
Central government,2
Certification,2
Cervical cancer screening,2
Community mobilization,2
Commit,2
Commodity,2
Community development,2
Collective action,2
Pastoralism,2
Panel survey,2
Parallels,2
Government debt,2
Health hazard,2
Health human resources,2
Health Insurance Portability and Accountability Act,2
Health care delivery,2
Harmony (color),2
Dyslipidemia,2
Drug Utilization Review,2
Growth theory,2
School teachers,2
Scalability,2
Dominance (genetics),2
Download,2
Dissemination,2
Diversity (politics),2
Grassroots,2
Childhood cancer,2
Overhead (engineering),2
Overweight,2
Otorhinolaryngology,2
Oral health care,2
Organizational commitment,2
Product innovation,2
Privilege (computing),2
Classical economics,2
Climate change,2
Syrian refugees,2
TIGIT,2
The Republic,2
Tb treatment,2
Technocracy,2
Chronic condition,2
On demand,2
Linguistics,2
Toxicology,2
Total body surface area,2
Tobacco control,2
Tobacco use,2
Thyroid,2
Theology,2
Business model,2
Burn injury,2
Burn units,2
Cataract surgery,2
Cardiovascular health,2
Knowledge level,2
Optimism,2
Ophthalmology,2
Generalized method of moments,2
Genetics,2
Property insurance,2
Prospective payment system,2
Project commissioning,2
Latent class model,2
Knowledge transfer,2
Kingdom,2
Elite,2
Ejection fraction,2
Elderly care,2
Rheumatoid arthritis,2
Sampling (signal processing),2
SAFER,2
Rotavirus,2
Rotavirus vaccine,2
Globe,2
Geographic information system,2
Generalized estimating equation,2
East Asia,2
Econometric analysis,2
Longitudinal data,2
Lorenz curve,2
Logarithm,2
Emic and etic,2
Empathy,2
Prostate cancer,2
Provisioning,2
Glycemic,2
Glaucoma,2
Global mental health,2
Globalization,2
Loyalty,2
Lymphoma,2
European union,2
Estimator,2
Ethnology,2
Risk factor,2
Retraining,2
Engel curve,2
Third party,2
Thriving,2
License,2
Life table,2
Legitimacy,2
Liability,2
Liability insurance,2
Magnitude (astronomy),2
Fiscal imbalance,2
Fiscal union,2
Financial sector,2
Financial security,2
Gender equality,2
Gender studies,2
General hospital,2
Funnel plot,2
Backpropagation,2
Bottled water,2
Bottleneck,2
Bounded function,2
Pulmonary disease,2
Public service,2
Foreign direct investment,2
Flow of funds,2
Non profit,2
Maternal death,2
Market liquidity,2
Margin (machine learning),2
Bed nets,2
Balance (ability),2
Bancassurance,2
Bachelor,2
Obesity,2
Norwegian,2
Nothing,2
Notice,2
Nursing management,2
Norm (philosophy),2
Normality,2
North india,2
Multiplicative function,2
Monitoring and evaluation,2
Extant taxon,2
Young adult,2
Misappropriation,2
Financial capital,2
Financial compensation,2
Austerity,2
Allocative efficiency,2
Aggregate data,2
Antiretroviral treatment,2
Antirheumatic drugs,2
Antiretroviral therapy,2
Verifiable secret sharing,2
Mutual fund,2
Multilevel modelling,2
Quality assurance,2
Pulmonary tuberculosis,2
Purchasing process,2
Publication bias,2
Big Five personality traits,2
Battle,2
Bay,2
Akaike information criterion,2
Feature selection,2
Reading (process),2
Random effects model,2
Questionnaire,2
Falsifiability,2
Family health,2
Extreme poverty,2
Facilitator,2
Exploit,2
Exploratory analysis,2
Exploratory factor analysis,2
Pneumococcal pneumonia,2
Standard of living,2
Standardization,2
Sovereignty,2
Spatial analysis,2
Workflow,2
Afghan,2
Against medical advice,2
Adaptation (eye),2
Adolescent health,2
Accommodation,2
Acknowledgement,2
mHealth,2
Mobile banking,2
Minimum wage,2
Vetting,2
Viet nam,2
Viral load,2
Amoxicillin,2
Voting,2
Working poor,2
Artificial neural network,2
Mathematics education,2
Microbiology,2
Microdata (statistics),2
Mental health service,2
Medical sociology,2
Modular design,2
Mobile apps,2
Access to Higher Education,1
Accounts payable,1
Action plan,1
Active tuberculosis,1
Activities of daily living,1
Acute coronary syndrome,1
Acute illness,1
Acute kidney injury,1
Adenylate kinase,1
Administrative discretion,1
Advice (programming),1
Aged population,1
Anticipation (artificial intelligence),1
Antimicrobial stewardship,1
Antirheumatic Agents,1
Apoptosis,1
Appeal,1
Apprehension,1
Arabic,1
Arbitrariness,1
Anger,1
Angina,1
Angioplasty,1
Animal health,1
Ankylosing spondylitis,1
Anthropology,1
Anthropometry,1
Antibody,1
Valve replacement,1
Variable cost,1
Variance decomposition of forecast errors,1
Vector (molecular biology),1
Venture capital,1
Verbal abuse,1
Verdict,1
Veto,1
Autocracy,1
Automobile insurance,1
Urban area,1
Urban community,1
Urban district,1
Urinary system,1
User group,1
User satisfaction,1
Metabolic syndrome,1
Metronidazole,1
Microarray analysis techniques,1
Middle class,1
Middle income,1
Middle income country,1
Maturity (psychological),1
Measles vaccine,1
Narrative inquiry,1
Medical treatment,1
Medication error,1
Memorandum,1
Mental Health Act,1
Mental healthcare,1
Mentorship,1
Meta-regression,1
Multidimensional data,1
Multidisciplinary approach,1
Multinomial distribution,1
Multivariate adaptive regression splines,1
Municipal corporation,1
Municipal solid waste,1
Mycobacterium tuberculosis,1
Myeloid leukemia,1
Monetary policy,1
Monkeypox,1
Monopoly,1
Moral disengagement,1
Mosquito net,1
Multicenter study,1
Multicollinearity,1
Multidimensional analysis,1
New institutionalism,1
Mammography,1
Management fee,1
Management system,1
Manifesto,1
Mann–Whitney U test,1
Marginal propensity to consume,1
Market failure,1
Negative binomial distribution,1
Neoclassical economics,1
Neonatal death,1
Nepali,1
Net income,1
Net national income,1
Neuroticism,1
New delhi,1
Medical laboratory,1
Medical microbiology,1
Medical practice,1
National Pension,1
National Survey of Family Growth,1
National database,1
Natural logarithm,1
Natural resource,1
Measures of national income and output,1
Mechanical engineering,1
Media studies,1
Medical advice,1
Medical economics,1
Medical home,1
Medical imaging,1
Medical journal,1
Lung disease,1
Lupus nephritis,1
Lymphatic filariasis,1
Magic bullet,1
Leishmaniasis,1
Lens (geology),1
Leprosy,1
Lever,1
Oath,1
Object (grammar),1
Obstacle,1
Log-normal distribution,1
Logistics management,1
Long-term care,1
Low back pain,1
Lung cancer,1
Nilotinib,1
Nocturnal,1
Noise (video),1
Nonlinear system,1
North west,1
Nudge theory,1
Nuisance,1
Nursing practice,1
Market orientation,1
Market penetration,1
Market share,1
Materials science,1
Mathematical economics,1
Mathematical optimization,1
Nice,1
Niger delta,1
Knowledge sharing,1
Knowledge translation,1
Kurtosis,1
LEAPS,1
Labour supply,1
Landlocked country,1
Landmark,1
Lassa fever,1
Operating budget,1
Operating system,1
Opportunity cost,1
Opt-out,1
Oral and maxillofacial surgery,1
Oral cavity,1
Kidney transplantation,1
Kilometer,1
Liver disease,1
Obstructive uropathy,1
Ode,1
Oil price,1
Oil supply,1
Older people,1
Open access journal,1
Open angle glaucoma,1
Life course approach,1
Limit (mathematics),1
Linear model,1
Linear regression,1
Lira,1
Liraglutide,1
Listing (finance),1
Littoral zone,1
Job performance,1
Job stress,1
Joint and several liability,1
Judicial discretion,1
Judicial review,1
Jurisprudence,1
Juvenile,1
Keynesian economics,1
Investment management,1
Investment strategy,1
Iodine,1
Iodine deficiency,1
Irrational number,1
Ischemia,1
Job attitude,1
Job embeddedness,1
Overtaking,1
Pagoda,1
Palestinian refugees,1
Palliative care,1
Intrauterine insemination,1
Intrinsic motivation,1
Intrinsic value (animal ethics),1
Inverse probability weighting,1
Latanoprost,1
Leakage (economics),1
Legal liability,1
Legalization,1
Organization development,1
Organizational culture,1
Orphan drug,1
Outpatient visits,1
International community,1
International economics,1
International law,1
Interventional radiology,1
Intraocular pressure,1
Influencer marketing,1
Informatics,1
Information Dissemination,1
Intensity (physics),1
Intentionality,1
Interest rate,1
Internal audit,1
Internal consistency,1
Internal debt,1
Internal migration,1
Internal validity,1
Particle physics,1
Path analysis (statistics),1
Patient experience,1
Patient safety,1
Payment card,1
Pearson product-moment correlation coefficient,1
Peasant,1
Pediatric hospital,1
Khasi,1
Papillary thyroid cancer,1
Paradigm shift,1
Parametric statistics,1
Parasitic disease,1
Parkinson's disease,1
Partial least squares regression,1
Participant observation,1
Inclusive growth,1
Income inequality metrics,1
Income tax,1
Incremental cost-effectiveness ratio,1
Incrementalism,1
Indian subcontinent,1
Indirect tax,1
Indonesian,1
Performance management,1
Performance-related pay,1
Peritonitis,1
Personal income,1
Persuasion,1
Pesticide,1
Pharmaceutical industry,1
Inclusion and exclusion criteria,1
Insurability,1
Peer effects,1
Peer review,1
Pelvic inflammatory disease,1
Penetration rate,1
Perceived control,1
Percutaneous,1
Percutaneous nephrostomy,1
Information governance,1
Information literacy,1
Information needs,1
Information technology,1
Injustice,1
Insolvency,1
Institutional investor,1
Institutional theory,1
Hydroxycarbamide,1
Hygiene,1
IT service continuity,1
Identity (music),1
Identity theft,1
Illness behavior,1
Imatinib,1
Immunization program,1
Point-of-care testing,1
Policy learning,1
Human rights,1
Human services,1
Human sexuality,1
Humanitarian aid,1
Human–computer interaction,1
Hydrochlorothiazide,1
Photojournalism,1
Physical capital,1
Physical examination,1
Physical medicine and rehabilitation,1
Physiology,1
Plaque psoriasis,1
Plea,1
Pledge,1
Indoor residual spraying,1
Industrial relations,1
Industrialisation,1
Infection control,1
Inference,1
Inflammatory Bowel Diseases,1
Pharmacoepidemiology,1
Philosophy of medicine,1
Hospital admission,1
Hospital bed,1
Hospital pharmacy,1
House of Representatives,1
Human Development Index,1
Human factors and ergonomics,1
Human multitasking,1
Health law,1
Heuristics,1
High income countries,1
Hindsight bias,1
Hoarding (animal behavior),1
Hogan,1
Homoscedasticity,1
Hormonal contraception,1
Hospital Anxiety and Depression Scale,1
Poor people,1
Port harcourt,1
Postpartum depression,1
Helminths,1
Hepatitis C,1
Hepatology,1
Herding,1
Heuristic,1
Impact investing,1
Improvisation,1
Policy studies,1
Poliomyelitis,1
Political instability,1
Political process,1
Polyclinic,1
Polycystic ovary,1
Health and Retirement Study,1
Health behavior,1
Health care cost,1
Health claims on food labels,1
Health examination,1
Health information,1
Government sector,1
Grading (engineering),1
Presentation (obstetrics),1
Presidential system,1
Pricing strategies,1
Primary angioplasty,1
Prime (order theory),1
Prime minister,1
Harmonization,1
HeLa,1
Pragmatism,1
Predictability,1
Predictive modelling,1
Preferred provider organization,1
Preliminary report,1
Preprint,1
Prerogative,1
Prescription costs,1
Health maintenance,1
Health psychology,1
Health records,1
Health reform,1
Health risk,1
Healthcare industry,1
Healthcare worker,1
Hedge,1
Genetic algorithm,1
Genocide,1
Geriatric care,1
German,1
Gestation,1
Gestational age,1
Girl,1
Goal theory,1
Program Design Language,1
Programmed cell death,1
Project stakeholder,1
Promulgation,1
Proportional hazards model,1
Prospectus,1
Generalizability theory,1
Generalized linear mixed model,1
Guillain-Barre syndrome,1
Haemophilia,1
Halo,1
Private information retrieval,1
Private sector involvement,1
Proclamation,1
Product differentiation,1
Profit margin,1
Graduation (instrument),1
Greenhouse gas,1
Gridlock,1
Gross private domestic investment,1
Grossman,1
Grounded theory,1
Group B,1
Growth model,1
Fuzzy logic,1
Galaxy,1
Gatekeeping,1
Gee,1
Gender disparity,1
Gender gap,1
Gene expression,1
Financial sector development,1
Formality,1
Foundation (evidence),1
Fragility,1
Fragility fracture,1
Fuel poverty,1
Funding Agency,1
Fungibility,1
Futures studies,1
Psychological distress,1
Psychological trauma,1
Public capital,1
Public fund,1
Public funding,1
Public good,1
Foreign exchange,1
Forensic science,1
Gold standard (test),1
Goodness of fit,1
Prostate,1
Prostate cancer screening,1
Prostate disease,1
Prostate-specific antigen,1
Psoriasis,1
PsycINFO,1
Financial integration,1
Financial intermediary,1
Financial market,1
Financial ratio,1
Financial risk management,1
Excess mortality,1
Excise,1
Expatriate,1
Python (programming language),1
Qualitative comparative analysis,1
Quality costs,1
Federal funds,1
Federalism,1
Fell,1
Filariasis,1
Financial innovation,1
Flow cytometry,1
Food policy,1
Food prices,1
Foothills,1
Public interest,1
Public life,1
Public participation,1
Pulmonary aspergillosis,1
Financial stability,1
Financial statement,1
Fiscal federalism,1
Fishing,1
Fixed cost,1
Fixed income,1
Flirting,1
Flood myth,1
Reciprocity (cultural anthropology),1
Environmental quality,1
Enzyme,1
Epilepsy surgery,1
Epilepsy syndromes,1
Epoetin alfa,1
Equity financing,1
Erythropoietin,1
Rapid diagnostic test,1
Rate ratio,1
Rating scale,1
Rationalization (economics),1
Real gross domestic product,1
Realm,1
Recall,1
Reciprocal altruism,1
Family doctors,1
Family history,1
Quality policy,1
Race (biology),1
Radiological weapon,1
Radiology,1
Randomization,1
Rank (graph theory),1
Experiential learning,1
Extension (predicate logic),1
Extensively drug-resistant tuberculosis,1
External debt,1
Extraversion and introversion,1
Face-to-face,1
Factoring,1
Faith-Based Organizations,1
End user,1
Endometriosis,1
Energy consumption,1
Energy expenditure,1
Energy poverty,1
Engineering ethics,1
Engineering management,1
Enlightenment,1
Relation (database),1
Renting,1
Reperfusion therapy,1
Report card,1
Reporting bias,1
Representativeness heuristic,1
Employee engagement,1
Encoder,1
Reflection (computer programming),1
Reflexivity,1
Regimen,1
Regional variation,1
Register (sociolinguistics),1
Regression,1
Regulatory reform,1
Reinforcement,1
Escherichia coli,1
Ethical dilemma,1
Etiology,1
Evasion (ethics),1
Evidence-based policy,1
Evidence-based practice,1
Exact test,1
Excellence,1
Economies of scale,1
Eculizumab,1
Edinburgh Postnatal Depression Scale,1
Educational program,1
Effi,1
El Niño,1
Elderly people,1
Electricity,1
Rhetoric,1
Right to health,1
Rigour,1
Economic model,1
Economic sanctions,1
Economic sector,1
Economic security,1
Economic welfare,1
Respiratory disease,1
Respiratory illness,1
Respiratory infection,1
Respiratory system,1
Respiratory tract infections,1
Respite care,1
Retention rate,1
Return on investment,1
Enterobacteriaceae,1
Enterobacteriaceae Infections,1
Enthusiasm,1
Environmental engineering,1
Environmental protection,1
Research ethics,1
Resistance (ecology),1
Resource mobilization,1
Sales tax,1
Disappointment,1
Discourse analysis,1
Disengagement theory,1
Disequilibrium,1
Disinvestment,1
Dispersion (optics),1
Displaced person,1
Risk premium,1
Rose (mathematics),1
Round table,1
Rule of law,1
Rural poverty,1
Rurality,1
Russian federation,1
SPARK (programming language),1
Drug pricing,1
Dual (grammatical number),1
Dualism,1
Dutch disease,1
Dynamic capabilities,1
EXPOSE,1
Ebola virus,1
Ecological study,1
Electronic prescribing,1
Embeddedness,1
Embedding,1
Embezzlement,1
Emergency management,1
Drop (telecommunication),1
Drug approval,1
Drug prices,1
Digital literacy,1
Dignity,1
Diphtheria,1
Direct marketing,1
Disability insurance,1
Disabled people,1
Demand curve,1
Demand management,1
Diabetic retinopathy,1
Diagnostic test,1
Diagram,1
Dialectic,1
Dialysis Therapy,1
Diaspora,1
Diastole,1
Digital inclusion,1
Seekers,1
Self-determination theory,1
Seniority,1
Sensemaking,1
Sensitivity (control systems),1
Sentiment analysis,1
Seriousness,1
Deworming,1
Diuretic,1
Domestic violence,1
Door-to-balloon,1
Dream,1
Scaling,1
School dropout,1
Science education,1
Scientific instrument,1
Sign (mathematics),1
Data breach,1
Data management,1
Data set,1
Data verification,1
Data warehouse,1
Debt crisis,1
Debt-to-GDP ratio,1
Sexual relationship,1
Sexual violence,1
Sexually active,1
Shadow (psychology),1
Sharia,1
Sibling,1
Sick child,1
Sida,1
Service management,1
Services marketing,1
Session (web analytics),1
Setback,1
Severe Acute Malnutrition,1
Sex organ,1
Sexual and reproductive health and rights,1
Sexual behavior,1
Demise,1
Demographic profile,1
Dependency ratio,1
Deportation,1
Developmental Milestone,1
Developmental psychology,1
Service design,1
Service guarantee,1
Social economy,1
Social equality,1
Social impact,1
Credibility theory,1
Cripple,1
Crisis management,1
Criticism,1
Crop,1
Smokeless tobacco,1
Social Security Act,1
Social accounting,1
Social accounting matrix,1
Social assistance,1
Social benefits,1
Social change,1
Social contract,1
Sincerity,1
Sitagliptin,1
Sitagliptin Phosphate,1
Skewness,1
Skills management,1
Small area estimation,1
Small for gestational age,1
Smart card,1
Decile,1
Decision maker,1
Decision model,1
Decision-making models,1
Decoding methods,1
Decriminalization,1
Deep learning,1
Deforestation (computer science),1
Corporate tax,1
Correlation coefficient,1
Cost accounting,1
Cost control,1
Cost estimate,1
Countdown,1
Counterfactual thinking,1
Courtesy,1
Social network analysis,1
Social stigma,1
Social trust,1
Sofosbuvir,1
Software,1
South asia,1
Coronavirus Infections,1
Corporate social responsibility,1
Customer retention,1
Customs union,1
Danish,1
Darbepoetin alfa,1
Data Protection Act 1998,1
Social institution,1
Social marketing,1
Social network (sociolinguistics),1
Cross country,1
Cross-sectional data,1
Crowds,1
Cryptography,1
Cultural capital,1
Curriculum,1
Customer equity,1
Customer relationship management,1
Convention,1
Converse,1
Convolutional neural network,1
Copula (linguistics),1
Cord blood,1
Comparative case,1
Complementarity (molecular biology),1
Complementary DNA,1
Content analysis,1
Contingency,1
Contingency plan,1
Contingency table,1
Continuance,1
Continuation,1
Continuous ambulatory peritoneal dialysis,1
Contraceptive implant,1
Stage (stratigraphy),1
Stakeholder management,1
Standardized mortality ratio,1
Statelessness,1
Constitution of India,1
Constructive,1
Consumer choice,1
Consumer spending,1
Craft,1
Spanish Civil War,1
Spatial planning,1
Spec#,1
Spinal cord,1
Spinal cord injury,1
Spirituality,1
Stacking,1
Structural adjustment,1
Study heterogeneity,1
Stylized fact,1
Cognition,1
Cognitive evaluation theory,1
Cognitive skill,1
Coherence (philosophical gambling strategy),1
Colorectal surgery,1
Stochastic programming,1
Stockout,1
Strategic financial management,1
Strategic human resource planning,1
Strategic management,1
Strategic sourcing,1
Streptococcus pneumoniae,1
Streptokinase,1
Congenital syphilis,1
Conjoint analysis,1
Statistical inference,1
Steering committee,1
Stem cell,1
Stem-cell therapy,1
Stepwise regression,1
Stochastic frontier analysis,1
Compliance (psychology),1
Composition (language),1
Computer network,1
Conceptual model,1
Conditionality,1
Confessional,1
Confusion matrix,1
Congenital hypothyroidism,1
Clonorchiasis,1
Closing (real estate),1
Clothing,1
Cloud computing,1
Coding (social sciences),1
Centrality,1
Cervical screening,1
Champion,1
Civil servant,1
Classification scheme,1
Classifier (UML),1
Clavulanic acid,1
Clientelism,1
Climatology,1
Clinical governance,1
Clinical pharmacy,1
Swap (finance),1
Syllabus,1
Syphilis,1
Systemic lupus erythematosus,1
Systems research,1
Cirrhosis,1
Citation,1
Civil engineering,1
Commerce,1
Commercial vehicle,1
Commercialization,1
Communication,1
Community organization,1
Community pharmacy,1
Supervised learning,1
Supporter,1
Cardiac resynchronization therapy,1
Career development,1
Case fatality rate,1
Case finding,1
Case mix index,1
Cell,1
Cell biology,1
Central asia,1
Teething,1
Telepsychiatry,1
Terminology,1
Tertiary referral hospital,1
Thais,1
The Conceptual Framework,1
Capital formation,1
Carbon footprint,1
Cholera,1
Chronic hepatitis,1
TRIPS architecture,1
Target audience,1
Tax avoidance,1
Tax deduction,1
Tax rate,1
Technology acceptance model,1
Charge (physics),1
Chatbot,1
Chiefdom,1
Child bearing,1
Child development,1
Child labour,1
Child poverty,1
Choice architecture,1
Topic model,1
Total personal income,1
Total quality management,1
Trade union,1
Traditional Chinese medicine,1
Tragedy (event),1
Training and development,1
Transaction cost,1
Thyroidectomy,1
Tier 1 network,1
Tier 2 network,1
Time preference,1
Timolol,1
Toilet,1
Toll,1
Toolbox,1
Call to action,1
Calorie,1
Cancer drugs,1
Capital city,1
Thematic map,1
Thermography,1
Threshold model,1
Thyroid cancer,1
British Household Panel Survey,1
Burmese,1
Buruli ulcer,1
Business administration,1
Business continuity,1
Business intelligence,1
C4.5 algorithm,1
CUSUM,1
Blocking (statistics),1
Bloody diarrhea,1
Blueprint,1
Bond market,1
Boosting (machine learning),1
Breast screening,1
Bridge (graph theory),1
Azithromycin,1
Bipolar disorder,1
Birth certificate,1
Birth order,1
Birth rate,1
Black box,1
Blame,1
Blindness,1
Blockade,1
Transitional care,1
Traumatic brain injury,1
Treatment and control groups,1
Treatment modality,1
Triangulation,1
Tropical disease,1
Biomedical sciences,1
Biosimilar,1
Transactional sex,1
Transfer (computing),1
Transferability,1
Transformation (genetics),1
Transformational leadership,1
Transformative learning,1
Transgender,1
Transition (genetics),1
Assertion,1
Asset quality,1
Asthma management,1
Astrophysics,1
Attribution,1
Audit trail,1
Aunt,1
Authentication (law),1
Uncompensated Care,1
Unit price,1
Univariate analysis,1
Artemether/lumefantrine,1
Artesunate,1
Arthritis,1
Asha,1
Aspergillosis,1
Betacoronavirus,1
Trust fund,1
Turkish,1
Type (biology),1
Type 1 diabetes,1
Type I and type II errors,1
Unbanked,1
Unbundling,1
Back pain,1
Backup,1
Backwardness,1
Balloon,1
Ballooning,1
Basis (linear algebra),1
Bayesian multivariate linear regression,1
Behavioral economics,1
Waste management,1
Water industry,1
Water resource management,1
Access to finance,1
cons,1
eHealth,1
k-nearest neighbors algorithm,1
Ageing society,1
Visceral leishmaniasis,1
Vision,1
Voluntarism (philosophy),1
Voluntary counseling and testing,1
Wages and salaries,1
Waist,1
Wake,1
Waste disposal,1
Alliance,1
Amenity,1
Amlodipine,1
Ampere,1
Amputation,1
Android (operating system),1
Viral disease,1
Virtuous circle and vicious circle,1
Arrears,1
Art history,1
Aggression,1
Agrarian society,1
Agricultural diversification,1
Agricultural science,1
Air pollution,1
Alimentary tract,1
Mistake,1
Mixed model,1
Mixture model,1
Modality (human–computer interaction),1
Modernization theory,1
Molar,1
Molecular biology,1
Momentum (technical analysis),1
Workforce development,1
Working age,1
Workplace violence,1
Yardstick,1
Accidental,1
Military government,1
Mindset,1
Misinformation,1
Wet season,1
Wilcoxon signed-rank test,1
Willingness to accept,1
Window of opportunity,1
Witness,1
Women's empowerment,1
Work environment,1
Work motivation,1
Aggregate (composite),1
Web of science,1
Wedge (geometry),1
Weibull distribution,1
Weighting,1
Welfare rights,1
Welfarism,1
Well-being,1
