country1,country2,shared_references,cosine_coupling
Canada,Burkina Faso,1418,0.41419921863274434
Germany,Burkina Faso,1442,0.40491992051485715
United States,United Kingdom,4751,0.3897660481231515
France,Burkina Faso,863,0.3446311663301496
United Kingdom,South Africa,2387,0.33670598957156084
Australia,Bangladesh,1167,0.3352951754380631
France,Senegal,560,0.3341712921813572
United Kingdom,Kenya,2065,0.3144193406461495
United States,Germany,2624,0.3084646271424297
Germany,Canada,1554,0.30425684704754064
India,United States,3826,0.30379922768356565
United Kingdom,Australia,2134,0.3029311794732299
Kenya,South Africa,1290,0.3022471898466245
United Kingdom,Tanzania,1887,0.29928864851548515
United Kingdom,Switzerland,1738,0.2981455116326126
Nigeria,South Africa,1665,0.2943109918225642
South Africa,Zambia,833,0.29072477657400936
Germany,France,1085,0.29042218855117685
United Kingdom,Ghana,2620,0.28973037698629334
Bangladesh,Sweden,656,0.2892858020317769
Germany,Malawi,883,0.28769772509777786
United States,Canada,2321,0.2838218591985587
United States,Netherlands,1987,0.2827843089988736
Ghana,South Africa,1661,0.28264788325537327
Canada,France,1015,0.2826150332985203
Tanzania,Switzerland,948,0.28137799306075917
Ghana,Netherlands,1465,0.2810404487853261
United Kingdom,Germany,2126,0.2792549508421073
Uganda,Zambia,564,0.2785873140039492
Nigeria,United Kingdom,2395,0.27511508077672736
United Kingdom,Bangladesh,1441,0.26735353248709226
South Africa,Uganda,870,0.2672675474892206
United States,Switzerland,1738,0.2668284865036258
India,Australia,1937,0.26613494640316426
India,United Kingdom,2979,0.26430676910756823
United Kingdom,Netherlands,1662,0.26429231990881186
Kenya,Zambia,699,0.2633328220833102
United States,Australia,2072,0.2632347550312742
United Kingdom,Canada,1926,0.26316193184603204
United Kingdom,Burkina Faso,1334,0.2614190001049215
United States,Kenya,1918,0.26136156173930636
Belgium,Burkina Faso,603,0.2611841036473619
Kenya,Tanzania,990,0.2608120651486712
United States,Nigeria,2529,0.2599929825486823
United States,Ghana,2619,0.2591983041120079
Kenya,Uganda,781,0.258981524712263
United States,Ethiopia,2055,0.25889308950948925
Tanzania,Norway,742,0.2575359497286994
United States,South Africa,2039,0.2574065334289835
Ghana,Australia,1496,0.25618803120734873
Switzerland,Belgium,672,0.2547979244780858
Uganda,Belgium,575,0.25372284069929785
United Kingdom,Malawi,1114,0.2533018444425189
Zambia,Malawi,449,0.25260277855352586
Ethiopia,Australia,1151,0.25090801867910745
Tanzania,Uganda,726,0.25077458393674384
Uganda,Pakistan,531,0.24971167415394585
United Kingdom,Pakistan,1153,0.24896888805772205
United States,Burkina Faso,1400,0.24553492346672606
United Kingdom,Uganda,1229,0.24535532838631427
United Kingdom,Belgium,1206,0.24434894901238396
Australia,Sweden,721,0.2432686580395951
Ethiopia,South Africa,1118,0.2421753205239302
Uganda,Malawi,489,0.24215340116884274
Tanzania,Zambia,617,0.24212639172761946
Switzerland,Pakistan,597,0.241242349164973
United Kingdom,Ethiopia,1713,0.24113601409062965
Germany,Switzerland,978,0.24040302125070948
South Africa,Malawi,682,0.23862772493996579
Ghana,Kenya,1296,0.23805202496413583
Ghana,Germany,1502,0.23800453690637588
Germany,Netherlands,1044,0.2378902185253041
Cameroon,Malawi,394,0.23736481698443926
Ethiopia,Norway,769,0.23688996605804544
South Africa,Tanzania,969,0.23649691872850975
United Kingdom,Sweden,1080,0.2353098720665711
Kenya,Switzerland,821,0.2339353209510809
Belgium,France,566,0.23369102489525498
Ghana,Canada,1398,0.23043669426012542
Nigeria,Netherlands,1156,0.23035899714954042
Germany,Uganda,803,0.2297109613272585
Uganda,Cameroon,432,0.22850427081220862
Switzerland,Uganda,610,0.22789609914394054
United States,Norway,1269,0.22782228763627205
Canada,Australia,1068,0.22598131849362313
Tanzania,Malawi,571,0.224642827241061
Switzerland,Burkina Faso,610,0.22370443799996126
Kenya,Malawi,589,0.22245521662028347
Germany,Belgium,759,0.22035733247630582
India,Netherlands,1431,0.22024998214184238
Pakistan,Malawi,411,0.22013834510211186
Zambia,Cameroon,364,0.21873688674661942
United Kingdom,Cameroon,899,0.21834422695898378
United Kingdom,Zambia,961,0.21796013435565872
United States,Bangladesh,1291,0.2143641248498558
Ghana,Malawi,781,0.21423078399678455
Ghana,Zambia,779,0.21314189313612564
Netherlands,Switzerland,715,0.21277618155518713
Tanzania,Cameroon,504,0.2117950691908357
Germany,Australia,1040,0.21154631418397885
United States,France,1250,0.20897359924500683
South Africa,Australia,955,0.20861056390565796
Australia,Nepal,668,0.2084743913272642
India,Japan,875,0.20825177222179236
Kenya,Netherlands,788,0.20813919931206887
Australia,China,663,0.20723557046583552
Pakistan,Japan,357,0.2067887265376235
France,Cameroon,417,0.20638613180327048
South Africa,Switzerland,781,0.20616403343594908
Kenya,Pakistan,573,0.2055154766935937
Pakistan,Zambia,384,0.20515665893092594
Nigeria,Australia,1153,0.20510331957885866
Ethiopia,Switzerland,777,0.20468649017952303
South Africa,Belgium,654,0.20390331227451725
South Africa,Cameroon,545,0.20368633269387873
Ethiopia,Germany,1006,0.2029201891869026
Nepal,Norway,460,0.2028687682257291
Norway,Zambia,408,0.20250206365171983
South Africa,Netherlands,827,0.20236826019412107
United States,China,1120,0.2023197174519378
Germany,South Africa,1000,0.2021254435382451
Ethiopia,Uganda,657,0.20141816605758364
Nigeria,Canada,1175,0.20118633125705218
Nepal,China,453,0.20102087702414626
Belgium,Senegal,310,0.2006450637327861
United States,Sweden,1028,0.20045339862703526
United States,Tanzania,1411,0.2002853924777131
Canada,South Africa,950,0.19974400480707266
Canada,Belgium,659,0.19902164291355073
Kenya,Germany,909,0.1983241687980258
United States,Uganda,1106,0.19760715027356415
Ghana,Tanzania,1031,0.19726711457140836
Kenya,Cameroon,488,0.19686838667157047
United States,Nepal,1091,0.1967752248207164
Zambia,Sweden,365,0.19676501260509835
Bangladesh,Japan,394,0.1960925246280425
Kenya,Burkina Faso,602,0.19595301463764075
Ethiopia,Netherlands,799,0.1951146861353859
United Kingdom,France,1041,0.19445907798447548
India,Switzerland,1171,0.1944276930438201
Nigeria,Uganda,774,0.1936325626618903
Pakistan,Cameroon,337,0.1928024893225574
United States,Belgium,1063,0.19275264630388986
Nigeria,Kenya,1008,0.1923284582378271
Switzerland,Zambia,452,0.19184724169554307
South Africa,Sweden,572,0.19177667551372857
United Kingdom,Senegal,652,0.19092652679952482
Netherlands,Belgium,542,0.19050260535116761
United Kingdom,Norway,947,0.18996808651948954
Ghana,Uganda,786,0.18929704699571845
South Africa,Pakistan,569,0.1890651151422691
Australia,Switzerland,710,0.18861288359708805
Australia,Netherlands,765,0.18838636282743604
Ghana,Ethiopia,1100,0.18679923012762228
Australia,Japan,489,0.18620926679531874
Tanzania,Pakistan,497,0.18568441247193904
Burkina Faso,Senegal,296,0.18530052464673755
Nigeria,Ghana,1337,0.1852754893010062
Nigeria,Cameroon,608,0.18504588107449832
Ethiopia,Kenya,791,0.1849504263491465
Switzerland,France,528,0.18457584300940721
India,South Africa,1345,0.18362991440269671
India,Bangladesh,1022,0.18352514088903166
Nigeria,Tanzania,920,0.1828521173957802
Nigeria,Pakistan,675,0.18264734628160678
Netherlands,Uganda,526,0.18216620909524336
Canada,Switzerland,712,0.18205819057143804
Nigeria,Malawi,633,0.18036434658226208
Ghana,Switzerland,868,0.1796287760577725
Nigeria,Zambia,630,0.1790556585280402
Germany,Tanzania,778,0.176815569789285
Canada,Cameroon,488,0.1766662410946952
United States,Malawi,868,0.17663501664342451
United States,Zambia,869,0.17639138603520532
Kenya,Belgium,521,0.17533758852868953
Ghana,Cameroon,596,0.1746248168267545
Nigeria,China,690,0.17452561708157768
United States,Japan,792,0.17429584217846314
India,Germany,1368,0.173918765069257
Bangladesh,Pakistan,397,0.17350546828946983
Canada,Japan,473,0.1733687404682021
Netherlands,France,529,0.1714240021693243
China,Japan,315,0.17055705720530295
United Kingdom,Japan,693,0.1704084644684302
Nigeria,Switzerland,792,0.17025407154504044
South Africa,Burkina Faso,560,0.16887008087691385
Kenya,Canada,735,0.16681237301748014
India,Canada,1261,0.16676487953251648
Tanzania,Sweden,441,0.16624870400132077
Netherlands,Malawi,420,0.16566887272346192
Switzerland,Sweden,406,0.1655411131446271
Ethiopia,Bangladesh,581,0.1655342002544335
Australia,Pakistan,494,0.16518751646374233
Germany,Sweden,529,0.16515610315899865
Switzerland,Bangladesh,475,0.16492215496770174
Kenya,Australia,695,0.16387341481411158
Germany,Bangladesh,614,0.16323484830185886
Burkina Faso,Cameroon,314,0.16303390515418506
Netherlands,Bangladesh,506,0.1628586866500205
Australia,Norway,522,0.16215699016522156
India,Nepal,831,0.16209346191393936
Tanzania,Burkina Faso,474,0.16071741850574756
United Kingdom,Nepal,797,0.16062016621036707
Switzerland,Japan,349,0.16060046589484658
Belgium,Zambia,320,0.1604175085205544
Norway,Sweden,336,0.1602032346457959
Pakistan,China,336,0.15975566287601906
India,Nigeria,1433,0.1593227502041756
Germany,Zambia,490,0.15924738965808868
United States,Pakistan,824,0.1592380685187623
Canada,China,528,0.15885537620709653
Canada,Netherlands,670,0.15881080647193033
Canada,Uganda,533,0.1586070709570804
Tanzania,Belgium,451,0.1581040504409831
Ethiopia,Canada,753,0.15799793684395438
Nigeria,Germany,957,0.15752278458950159
Nepal,Switzerland,416,0.1568911786215671
Uganda,Sweden,330,0.15658814703646332
Tanzania,Netherlands,568,0.15628062741577903
India,Ethiopia,1147,0.15627548566262292
South Africa,France,539,0.15493503074742696
Nepal,Japan,286,0.15461465401310787
India,China,791,0.15453095125031607
Germany,Cameroon,444,0.15452101596106202
Ethiopia,Nepal,498,0.1541206205568561
Ghana,Burkina Faso,651,0.15390048558871294
Nepal,Pakistan,324,0.15381102769239632
Germany,China,530,0.1532903100332603
Uganda,Burkina Faso,359,0.1532160709155712
Switzerland,Malawi,360,0.15318601110072907
Norway,Malawi,307,0.15275911997835043
Ethiopia,Sweden,456,0.15257061314366843
Netherlands,Burkina Faso,447,0.15195930834993226
Canada,Malawi,447,0.15149992201007667
Switzerland,Norway,403,0.1512861464745775
Nigeria,Ethiopia,857,0.15117478452717695
Ghana,Belgium,617,0.15080856710606066
Bangladesh,China,369,0.15074729359585165
Ghana,Pakistan,577,0.150303560110882
Canada,Senegal,344,0.15015121261920802
Ghana,Norway,618,0.1495535843678
Netherlands,Sweden,395,0.1492972998562016
India,Kenya,1013,0.14928678539406295
Germany,Japan,423,0.1490461831135293
Netherlands,Norway,425,0.14789655730400814
Netherlands,Nepal,422,0.14753418637591603
Germany,Senegal,351,0.14728155333871357
Kenya,Norway,442,0.14727433723206787
Japan,Senegal,187,0.1468936943122875
Kenya,Sweden,404,0.14620825564240955
Nigeria,Japan,473,0.1457514522304828
United States,Cameroon,668,0.14519859081361888
Germany,Norway,503,0.14458432680640443
Ethiopia,Tanzania,592,0.14418819604471123
Ethiopia,China,465,0.1441314911016816
China,Norway,326,0.14399568599310847
India,Sweden,682,0.14382139315912695
Canada,Tanzania,605,0.14302944203561777
Uganda,France,351,0.14279505302832324
Belgium,Cameroon,265,0.14225777283458085
India,Belgium,724,0.14197911286591658
Burkina Faso,Malawi,292,0.14193917418796845
Tanzania,Australia,577,0.14171918972077285
Tanzania,Japan,332,0.1412535264323347
Ghana,Sweden,537,0.14114593008567425
Germany,Pakistan,456,0.14109225608839657
India,Pakistan,675,0.14107246977014984
Kenya,Bangladesh,456,0.14052737276163
Ethiopia,France,488,0.13998676306406507
Kenya,Nepal,418,0.13992398645069565
Ghana,Japan,471,0.13971933744928006
South Africa,Norway,452,0.13952514059499718
Ethiopia,Japan,369,0.13933940486951887
Netherlands,Japan,325,0.1386371924518284
South Africa,Nepal,447,0.13862215226259172
Ghana,France,610,0.13746274423128987
Nigeria,Nepal,544,0.13738346659409714
United Kingdom,China,679,0.13705221041421287
Australia,France,473,0.13682741933590653
Nigeria,Sweden,501,0.13678798104989276
South Africa,China,440,0.13666342836062415
France,Zambia,294,0.13588247360517366
Canada,Zambia,401,0.1355656862024583
Kenya,France,436,0.13528140976466216
India,Ghana,1262,0.1350749512696516
South Africa,Bangladesh,473,0.13504125064519362
Australia,Belgium,429,0.13460306904884095
Nepal,Bangladesh,329,0.13419753394925904
Australia,Burkina Faso,441,0.13383028769014785
Kenya,Japan,326,0.13315260485523553
Pakistan,Sweden,259,0.13292812240816296
Canada,Norway,444,0.13275942543783434
Belgium,Sweden,274,0.13195172265630356
Nigeria,Bangladesh,566,0.13159282142115303
Bangladesh,Norway,324,0.1315474903627169
Ghana,China,538,0.13100148769480485
Netherlands,China,374,0.1309562823720966
Netherlands,Zambia,332,0.13062618053135647
Ethiopia,Malawi,374,0.13059135262316907
Sweden,Japan,223,0.13033592110253886
Tanzania,France,402,0.12992922037995824
Belgium,Malawi,256,0.12865931534041877
France,Malawi,277,0.1283498498270521
Belgium,Japan,236,0.1282679166138598
South Africa,Japan,338,0.12789630378321784
India,Uganda,658,0.12714293400312027
Australia,Malawi,361,0.12711443331646533
Australia,Uganda,410,0.12675408667164148
Canada,Sweden,388,0.1260085002524299
Canada,Pakistan,391,0.12584740205975015
China,Sweden,260,0.12473575268606309
Tanzania,Senegal,246,0.1246398938179348
Uganda,Norway,285,0.1245099567109039
India,Tanzania,811,0.12449787067524264
Switzerland,Senegal,227,0.1243964478130906
Bangladesh,Malawi,268,0.12333741531226353
India,France,682,0.12330610851386174
Ethiopia,Belgium,396,0.12321058232686097
Burkina Faso,Zambia,254,0.12315545618917081
Belgium,Pakistan,258,0.12313558774467853
France,Japan,243,0.12176616733250004
United States,Senegal,461,0.12081574019192795
India,Norway,622,0.12076574876204456
Tanzania,Bangladesh,376,0.1207016140319103
Sweden,Malawi,223,0.12052006531327597
Canada,Bangladesh,435,0.1202992521921336
Nepal,Sweden,251,0.12023109572158824
Ethiopia,Burkina Faso,399,0.12007258816847471
Zambia,Japan,197,0.11985682681725006
Nigeria,Belgium,472,0.11983922386261979
Australia,Zambia,340,0.11941725906457934
Switzerland,China,316,0.11936219539716215
Uganda,Japan,222,0.11888839272794069
Tanzania,China,340,0.11874039076931146
Nigeria,Burkina Faso,483,0.11861026379814578
Netherlands,Cameroon,281,0.11839321312264753
Canada,Nepal,393,0.11805544559700892
Nigeria,Norway,469,0.11789552843668481
Netherlands,Pakistan,314,0.1176207341699394
Ghana,Bangladesh,524,0.11728187887568657
Uganda,Senegal,183,0.11670737988152571
Netherlands,Senegal,229,0.11633024005311125
Ethiopia,Pakistan,348,0.11539438395716949
Cameroon,Senegal,148,0.11482788232258131
Bangladesh,France,300,0.1134241765758917
South Africa,Senegal,250,0.1126528153823642
Switzerland,Cameroon,247,0.11226449329883383
Ethiopia,Zambia,321,0.11180168997934627
Ghana,Nepal,459,0.11159175738640605
Belgium,Norway,250,0.11084568390188469
Uganda,Bangladesh,272,0.109905494038649
Burkina Faso,Sweden,235,0.10945875796736586
Kenya,China,325,0.10896167466772273
Bangladesh,Belgium,265,0.10867156693125923
Nigeria,France,462,0.10814670444669806
Japan,Malawi,177,0.10796159644524597
Germany,Nepal,372,0.10742546751031871
China,Malawi,214,0.1071440717096636
France,Norway,260,0.10628364783236344
Burkina Faso,Japan,202,0.10618802888734018
Nepal,Uganda,241,0.10577604998067186
Ethiopia,Senegal,235,0.10567595845178687
Kenya,Senegal,217,0.10554861739382189
India,Malawi,479,0.10541718118802487
Ghana,Senegal,298,0.10527193906522063
Burkina Faso,Norway,245,0.10506619754906829
Norway,Cameroon,194,0.10310966190783964
Senegal,Malawi,141,0.10241790602159204
France,Sweden,230,0.10211902572623682
Ethiopia,Cameroon,273,0.10182028905042893
India,Burkina Faso,535,0.10147471169213042
Tanzania,Nepal,290,0.10112139081054754
Uganda,China,230,0.10110500592068736
India,Zambia,457,0.10032117353187867
Australia,Senegal,221,0.10021793565670731
Ethiopia,Egypt,188,0.09987128786102133
Bangladesh,Burkina Faso,245,0.09717494234727475
Nepal,Zambia,193,0.09623602573543232
Pakistan,Norway,201,0.09497896677168485
Sweden,Cameroon,164,0.09467323208778633
Norway,Japan,174,0.09363167394531899
United Kingdom,Egypt,270,0.09340215757206886
Australia,Cameroon,248,0.09327563304008793
Norway,Senegal,145,0.09291852128143821
Nepal,Belgium,208,0.09265165767372234
Pakistan,France,210,0.09240543197272129
China,Zambia,184,0.09189094421721225
Nigeria,Senegal,250,0.09173868416577267
Nepal,France,222,0.09117109240603775
Pakistan,Burkina Faso,197,0.09093859915286788
Belgium,China,200,0.08922660629953433
Bangladesh,Zambia,193,0.08859676734210763
Sweden,Senegal,125,0.0870021577053239
United States,Egypt,280,0.08668722341134118
Pakistan,Senegal,125,0.0862242456721177
Cameroon,Japan,131,0.08534855797083443
Germany,Egypt,171,0.08476407315396668
Bangladesh,Senegal,143,0.08475427274183246
China,Cameroon,155,0.08289244158038096
Zambia,Senegal,114,0.08259659590292716
Bangladesh,Cameroon,167,0.08209285897095633
Switzerland,Egypt,126,0.0815693750244784
Nepal,Malawi,162,0.0809831876108273
France,China,196,0.08061851161388042
Canada,Egypt,152,0.07837696767694229
India,Cameroon,329,0.07733937253889799
Nepal,Senegal,120,0.07725500303152574
China,Senegal,118,0.07608549942083763
Nigeria,Egypt,174,0.07542862900540803
India,Senegal,265,0.07510818631058605
China,Egypt,97,0.0738866694253432
Sweden,Egypt,89,0.07317866543133865
Kenya,Egypt,125,0.0718252747084183
Nepal,Cameroon,134,0.07155063816144754
Egypt,Malawi,83,0.07122120868642202
Pakistan,Egypt,87,0.07089459258343993
Nepal,Burkina Faso,164,0.070656457429384
South Africa,Egypt,132,0.07026684277139658
Bangladesh,Egypt,100,0.07001644109053211
China,Burkina Faso,158,0.06817727179988851
Zambia,Egypt,79,0.06761746059777045
Australia,Egypt,126,0.06749913259006211
Belgium,Egypt,88,0.06728587830889637
France,Egypt,94,0.06626488252593843
Burkina Faso,Egypt,89,0.06581871699373465
Tanzania,Egypt,109,0.0652413484854778
Uganda,Egypt,84,0.06328502896884972
Ghana,Egypt,147,0.06134626989686774
Netherlands,Egypt,102,0.061211325142824055
Japan,Egypt,64,0.05939036420094288
Cameroon,Egypt,63,0.0577431746789409
Norway,Egypt,76,0.05753370571405552
Senegal,Egypt,52,0.05746456271370259
Nepal,Egypt,74,0.05627967170064172
India,Egypt,168,0.05625033982253992
