term1,term2,cooccurrences
Finance,Payment,556
Finance,Public economics,310
Health insurance,National health insurance,283
Finance,Health insurance,258
Health facility,Health services,233
Health insurance,Health policy,203
Finance,Health policy,197
Health policy,Public economics,166
Health administration,Health services research,164
Health administration,Health economics,158
Health insurance,Public economics,155
Health economics,Health services research,155
Health insurance,Health services,153
Health policy,Health services research,152
Finance,Revenue,144
Health insurance,Payment,139
Health administration,Health policy,117
Health economics,Health policy,116
Public expenditure,Public finance,115
Finance,Health services,115
Payment,Public economics,108
Demographic economics,Health insurance,105
Finance,Poverty,104
Public economics,Public finance,104
Health insurance,Insurance policy,99
Community health,Health insurance,96
Health policy,Social determinants of health,91
Demographic economics,Public economics,89
Health policy,Payment,86
Demographic economics,Finance,79
Payment,Poverty,76
Health policy,Social policy,76
Finance,Private sector,75
Health economics,Health insurance,75
Health services research,Social policy,73
Finance,User fee,71
Finance,Public finance,68
Health insurance,Poverty,68
Finance,Health facility,68
Health services,Payment,65
Public economics,Public expenditure,64
Finance,Health economics,64
Finance,Purchasing,63
Health insurance,Social determinants of health,62
Private sector,Public sector,62
Health equity,Health policy,60
Health policy,Health services,60
Public economics,Revenue,59
Finance,Insurance policy,59
Finance,Health administration,58
Finance,Reimbursement,57
Finance,Health services research,57
Health insurance,Socioeconomic status,56
Finance,Subsidy,56
Health administration,Health insurance,56
Finance,Social determinants of health,55
Health insurance,Health services research,55
Demographic economics,Payment,54
Poverty,Public economics,54
Health policy,Public finance,54
Health facility,Payment,53
Finance,Health care financing,53
Finance,National health insurance,52
Community health,Finance,52
Community health,Health services,51
Health economics,Social policy,51
Health sector,Health services,50
Health insurance,Social insurance,50
Health insurance,Subsidy,50
Health facility,Health insurance,50
Health services,National health insurance,49
Finance,Public sector,49
Public economics,User fee,48
Development economics,Public economics,48
Health insurance,Public health insurance,46
Health policy,Public administration,46
Health economics,Payment,46
Health policy,Insurance policy,46
Public economics,Social determinants of health,45
Health insurance,Private sector,45
Development economics,Finance,45
Finance,Public administration,45
Health economics,Public economics,43
Health policy,Poverty,43
Health insurance,Health spending,42
Health policy,Private sector,42
Health administration,Payment,41
Payment,Reimbursement,41
Public economics,Subsidy,41
Community health,Health facility,41
Health economics,Public finance,41
Health services research,Public finance,40
Demographic economics,Poverty,40
Health insurance,Rural health,40
Health services research,Public economics,39
Health administration,Social policy,39
Health policy,National health insurance,39
Health equity,Health insurance,39
Demographic economics,Socioeconomic status,39
Insurance policy,Risk pool,38
Public economics,Welfare,38
Health policy,User fee,38
Demographic economics,Public finance,38
Health policy,Revenue,37
Revenue,User fee,36
Payment,Revenue,36
Health policy,Purchasing,36
Private sector,Public economics,36
Finance,Socioeconomic status,36
Capitation,Payment,35
Demographic economics,Public expenditure,35
Health equity,Public economics,35
Demographic economics,Inequality,34
Payment,Private sector,34
Health services research,Payment,34
Community health,Payment,34
Payment,Purchasing,34
Payment,Socioeconomic status,33
Capitation,Finance,33
Insurance policy,Public economics,33
Health services,Public economics,32
Health equity,Social determinants of health,32
Government expenditure,Public finance,31
Finance,Welfare,31
Finance,Public expenditure,31
Health insurance,Medical insurance,30
Payment,Subsidy,30
Public economics,Public sector,30
Health administration,Health services,30
Health administration,Health facility,30
Health policy,Subsidy,30
Development economics,Public finance,30
Health facility,Health policy,29
Health insurance,Maternal health,29
Inequality,Socioeconomic status,28
National health insurance,Payment,28
Finance,Inequality,27
Inequality,Public economics,27
Poverty,Welfare,27
Community health,Health policy,27
Social determinants of health,Social insurance,27
Finance,Health equity,27
Public administration,Public economics,26
Health insurance,Welfare,26
Health insurance,Universal coverage,26
Health services,User fee,26
Social determinants of health,Socioeconomic status,25
Poverty,Social determinants of health,25
Demographic economics,Welfare,25
Health policy,Public sector,25
Development economics,Poverty,25
Public finance,Social policy,25
Finance,Risk pool,25
Health administration,Public finance,24
Finance,Innovative financing,24
Health policy,Universal coverage,24
Health insurance,Public sector,24
Health equity,Inequality,24
Health spending,Public economics,24
Health equity,Socioeconomic status,24
Development economics,Health policy,23
Community health,Health administration,23
Health facility,User fee,23
Public economics,Purchasing,23
Finance,Health spending,23
Health policy,Socioeconomic status,23
Payment,Social determinants of health,22
Payment,User fee,22
Poverty,Socioeconomic status,22
Health services,Maternal health,22
Health services,Health services research,22
Health insurance,Healthcare system,22
Health care reform,Health policy,21
Inequality,Payment,21
Public economics,Social policy,21
Global health,Health policy,21
Health services,Private sector,21
Development economics,Public expenditure,21
Social insurance,Social protection,20
Health policy,Public expenditure,20
Health policy,Public policy,20
Health insurance,Health sector,20
Demographic economics,Development economics,20
Health policy,Reimbursement,20
Social determinants of health,Social security,19
Health insurance,Public finance,19
Household income,Poverty,19
Health administration,Public economics,19
Public finance,Public sector,19
Insurance policy,Private sector,19
Health services,Poverty,19
Public economics,Social insurance,19
Community health,Poverty,19
Health policy,Universal health care,18
Health policy,Healthcare system,18
Health insurance,Microinsurance,18
Government spending,Public economics,18
Social determinants of health,Social protection,18
Government expenditure,Public economics,18
Payment,Public sector,18
Health services research,User fee,18
Finance,Health sector,18
Public economics,Risk pool,18
Health policy,Risk pool,17
Public expenditure,Public sector,17
Health insurance,Public administration,17
Social insurance,Social security,17
Public finance,Revenue,17
Finance,Social policy,17
Health insurance,Inequality,17
Health care financing,Health insurance,17
Payment,Welfare,17
Health services,Health spending,17
Private sector,Public finance,17
Health insurance,Social policy,17
Finance,Social insurance,17
Health facility,Health services research,17
Health insurance,Social security,17
Health economics,Poverty,16
Health facility,Poverty,16
Health administration,User fee,16
Revenue,Tax revenue,16
Demographic economics,Health economics,16
Demographic economics,Social determinants of health,16
Health policy,Rural health,16
Health care financing,Public economics,16
Demographic economics,Household income,16
Payment,Public finance,16
Finance,Social security,16
Public finance,Welfare,15
Public economics,Reimbursement,15
Demographic economics,Health policy,15
Health policy,Social insurance,15
Community health,Health services research,15
Poverty,Social protection,15
Health equity,Poverty,15
Health policy,Inequality,15
Government spending,Public finance,15
Health economics,Health services,15
National health insurance,Public economics,15
Poverty,Private sector,15
Poverty,Subsidy,15
Public economics,Socioeconomic status,15
Health insurance,Primary health care,14
Health insurance,Revenue,14
Demographic economics,Health services,14
Household income,Payment,14
Health facility,National health insurance,14
Health policy,Social security,14
Development economics,Health insurance,14
Health insurance,Social protection,14
Finance,Microinsurance,14
Health policy,Welfare,14
Finance,Household income,14
Health economics,Household income,13
Health insurance,Universal health care,13
Insurance policy,Social determinants of health,13
Demographic economics,Health equity,13
Health care reform,Health services research,13
Health services,Revenue,13
Demographic economics,Subsidy,13
Finance,Global health,13
Community health,Health economics,13
Health spending,Payment,13
Demographic economics,Health spending,13
Government expenditure,Government spending,13
Health insurance,Risk pool,13
Government spending,Welfare,13
Health insurance,Household income,12
Finance,Public–private partnership,12
Health economics,Public sector,12
Health policy,Maternal health,12
Health facility,Revenue,12
Health care financing,Payment,12
Inequality,Poverty,12
Health sector,Public economics,12
Copayment,Health insurance,12
Community health,Social determinants of health,12
Health services,Social determinants of health,12
Government spending,Public expenditure,12
Health economics,Socioeconomic status,12
Private sector,Public administration,12
Health policy,Health spending,12
Community health,Socioeconomic status,12
Health services research,National health insurance,12
Public expenditure,Welfare,12
Demographic economics,Social insurance,12
Health spending,Poverty,11
Household income,Socioeconomic status,11
Health equity,Health services research,11
Public economics,Public policy,11
Microinsurance,Public economics,11
Health economics,Reimbursement,11
Poverty,Social policy,11
Private sector,Purchasing,11
Health care reform,Social policy,11
Health equity,Payment,11
Government expenditure,Public expenditure,11
Health spending,Public finance,11
Poverty,Poverty reduction,11
Health services,Public sector,11
Health sector,Private sector,11
Health facility,Social determinants of health,11
Universal coverage,Universal health care,11
Insurance policy,Subsidy,11
Public expenditure,Revenue,11
Health economics,Private sector,11
Health services research,Public administration,11
Development economics,Payment,11
Health economics,Health facility,11
Finance,Government spending,11
Poverty,Public expenditure,11
Cost sharing,Finance,11
Poverty,Public finance,11
Private sector,Public expenditure,10
Health facility,Socioeconomic status,10
Finance,Tax revenue,10
Social determinants of health,Subsidy,10
Health services,Socioeconomic status,10
Revenue,Subsidy,10
Health insurance,Reimbursement,10
Public economics,Tax revenue,10
Health services,Rural health,10
Health economics,National health insurance,10
Insurance policy,Payment,10
Social insurance,Social policy,10
Health administration,Reimbursement,10
Health policy,Health sector,10
Social determinants of health,Social policy,10
National health insurance,Public administration,10
Community health,Rural health,10
Private sector,Revenue,10
Health sector,Public sector,10
Purchasing,Revenue,10
Health administration,Public administration,10
Private sector,Subsidy,10
Public administration,Public finance,10
Finance,Healthcare system,10
Development economics,Health spending,10
Health services research,Purchasing,10
Revenue,Social determinants of health,10
Health economics,Public administration,10
Payment,Social policy,10
Payment,Social security,9
Reimbursement,Revenue,9
Public administration,Public policy,9
Social insurance,Welfare,9
Financial risk,Payment,9
Health care financing,Health services,9
Finance,Financial risk,9
Health care financing,Health policy,9
Socioeconomic status,Subsidy,9
Health administration,Health care reform,9
Health administration,National health insurance,9
Microinsurance,Poverty,9
Poverty,User fee,9
Insurance policy,Purchasing,9
Poverty,Social insurance,9
Risk pool,Social determinants of health,9
Capitation,Health insurance,9
Health insurance,Purchasing,9
Health economics,User fee,9
Demographic economics,Social policy,9
Government spending,Health spending,9
Subsidy,Welfare,8
Health insurance,Public policy,8
Capitation,Public economics,8
National health insurance,Primary health care,8
Fiscal policy,Public economics,8
Development economics,Revenue,8
National health insurance,Subsidy,8
Social policy,User fee,8
Health policy,Social protection,8
National health insurance,Social insurance,8
Inequality,Social determinants of health,8
Health administration,Purchasing,8
Public administration,User fee,8
Poverty,Revenue,8
Health administration,Private sector,8
Financial risk,Poverty,8
Health facility,Maternal health,8
Public finance,Tax revenue,8
Health economics,Subsidy,8
Health spending,Public expenditure,8
Subsidy,User fee,8
Finance,Primary health care,8
Finance,Universal coverage,8
Demographic economics,Health administration,8
Innovative financing,Purchasing,8
Development economics,Health services research,8
Health services research,Revenue,8
Demographic economics,Public sector,8
Finance,Government expenditure,8
Health services research,Reimbursement,8
Community health,Revenue,8
Health services,Public administration,8
Health care reform,Public finance,7
Development economics,Government expenditure,7
Poverty,Rural health,7
Finance,Fiscal policy,7
Insurance policy,Poverty,7
Capitation,Purchasing,7
Public sector,Revenue,7
Social protection,Social security,7
Household income,Public economics,7
Demographic economics,Health services research,7
Cost sharing,Public economics,7
Social security,Welfare,7
Healthcare system,Public economics,7
Health economics,Health equity,7
Cost sharing,Health insurance,7
Public economics,Universal coverage,7
Health economics,Purchasing,7
National health insurance,Reimbursement,7
Development economics,Welfare,7
Health facility,Private sector,7
Public expenditure,Tax revenue,7
Health economics,Social determinants of health,7
Health administration,Social determinants of health,7
Community health,Public administration,7
Health sector,National health insurance,7
Demographic economics,Government spending,7
Public administration,Social policy,7
Copayment,Finance,7
Innovative financing,Payment,7
Poverty,Public sector,7
Health services,Purchasing,7
Health facility,Public economics,7
Poverty,Social security,7
Medical insurance,National health insurance,7
Risk pool,Subsidy,7
Development economics,Inequality,7
National health insurance,Poverty,7
Insurance policy,Public sector,7
Development economics,Social policy,7
Public economics,Public health insurance,7
Health care reform,Health economics,7
Health care reform,Health insurance,7
Inequality,Public finance,7
Finance,Social protection,7
Community health,Public economics,7
Health care financing,Revenue,6
Health insurance,Public expenditure,6
National health insurance,Socioeconomic status,6
Finance,Health care reform,6
Public policy,Social policy,6
Health economics,Public expenditure,6
Financial risk,Health policy,6
Community health,Health equity,6
Social security,Subsidy,6
Social determinants of health,Welfare,6
Payment,Public administration,6
Health services,Public finance,6
Demographic economics,Insurance policy,6
Insurance policy,Social security,6
Demographic economics,User fee,6
Cost sharing,Health services,6
Demographic economics,Social security,6
Financial risk,Health insurance,6
Revenue,Risk pool,6
Public sector,Purchasing,6
Government spending,Health insurance,6
Cost sharing,Payment,6
Health administration,Poverty,6
Public administration,Public sector,6
Health administration,Public sector,6
Global health,Health insurance,6
Global health,Health spending,6
Health services,Welfare,6
Health equity,Subsidy,6
Health sector,Payment,6
Health services research,Social determinants of health,6
Maternal health,Socioeconomic status,6
Reimbursement,Socioeconomic status,6
Demographic economics,Health facility,6
Health insurance,Poverty reduction,6
Private sector,Social determinants of health,6
Government expenditure,Health spending,6
Public finance,Social determinants of health,6
Health services research,Inequality,6
National health insurance,Universal coverage,6
Private sector,Welfare,6
Government spending,Health policy,6
Government spending,Private sector,6
Cost sharing,User fee,6
Payment,Social insurance,6
Demographic economics,National health insurance,6
Fiscal policy,Public finance,6
Insurance policy,Welfare,5
Demographic economics,Government expenditure,5
Health administration,Revenue,5
Community health,National health insurance,5
Purchasing,Subsidy,5
Cost sharing,Subsidy,5
Health services research,Subsidy,5
Revenue,Social insurance,5
Social policy,Social protection,5
Health spending,Welfare,5
Health services,Innovative financing,5
Payment,Risk pool,5
Cost sharing,Health policy,5
Capitation,Health policy,5
Socioeconomic status,User fee,5
Fiscal policy,Public expenditure,5
Development economics,Health economics,5
Public sector,Subsidy,5
Private sector,Risk pool,5
Fiscal policy,Revenue,5
Purchasing,Risk pool,5
Finance,Universal health care,5
Health services research,Socioeconomic status,5
Private sector,Public–private partnership,5
Private sector,Reimbursement,5
Purchasing,Socioeconomic status,5
Health policy,Innovative financing,5
Development economics,Health care financing,5
Demographic economics,Revenue,5
Health equity,Rural health,5
Purchasing,Social determinants of health,5
Public economics,Social security,5
Health care financing,Innovative financing,5
Health care financing,Public finance,5
Community health,User fee,5
Health administration,Household income,5
Health services research,Poverty,5
Insurance policy,Revenue,5
Payment,Public expenditure,5
Community health,Subsidy,5
Reimbursement,Subsidy,5
Demographic economics,Private sector,5
Innovative financing,Revenue,5
Health facility,Reimbursement,4
Insurance policy,Social insurance,4
Health policy,Primary health care,4
National health insurance,Welfare,4
Public administration,Reimbursement,4
Health care reform,Public economics,4
Government spending,Health services,4
Global health,Health services,4
Health administration,Socioeconomic status,4
Copayment,Payment,4
Health economics,Health spending,4
Public administration,Public health insurance,4
Health economics,Inequality,4
Health economics,Revenue,4
Purchasing,Reimbursement,4
Public sector,User fee,4
Global health,Public economics,4
Health policy,Public health insurance,4
Development economics,Health services,4
Maternal health,Public policy,4
Health services,Primary health care,4
Health sector,Public finance,4
Government expenditure,Health services,4
Health care financing,Health equity,4
Public administration,Public–private partnership,4
Health spending,Private sector,4
Health care financing,Inequality,4
Health care financing,Private sector,4
Health care financing,Public sector,4
Development economics,Private sector,4
Health equity,Social policy,4
Public economics,Social protection,4
National health insurance,Private sector,4
National health insurance,Rural health,4
Health services,Universal coverage,4
Social protection,Welfare,4
Capitation,Health administration,4
Public health insurance,Social insurance,4
Health services,Insurance policy,4
Health services,Household income,4
Rural health,Social determinants of health,4
Poverty,Reimbursement,4
Health sector,Insurance policy,4
Payment,Social protection,4
Development economics,Subsidy,4
Insurance policy,National health insurance,4
Healthcare system,Medical insurance,4
Global health,Healthcare system,4
Health facility,Household income,4
Development economics,Global health,4
Global health,Social determinants of health,4
Fiscal policy,Tax revenue,4
Cost sharing,Revenue,4
Development economics,Social determinants of health,4
Socioeconomic status,Welfare,4
Community health,Private sector,4
Finance,Financial inclusion,4
Health services research,Household income,4
Household income,Welfare,4
Financial inclusion,Health insurance,4
Capitation,National health insurance,4
Public administration,Subsidy,3
Public finance,Social insurance,3
Community health,Public finance,3
Health administration,Subsidy,3
Capitation,Reimbursement,3
Development economics,Health administration,3
Health care reform,Payment,3
Inequality,Social policy,3
Health care financing,Welfare,3
Health administration,Social insurance,3
Community health,Welfare,3
Health services,Inequality,3
Inequality,National health insurance,3
National health insurance,Universal health care,3
Social security,Socioeconomic status,3
Healthcare system,Payment,3
Development economics,Fiscal policy,3
Cost sharing,Poverty,3
Capitation,Revenue,3
Health facility,Public sector,3
Health services,Social policy,3
Government expenditure,Health policy,3
Government expenditure,Public policy,3
Public finance,Public policy,3
Health care financing,Health sector,3
Health facility,Rural health,3
National health insurance,Social determinants of health,3
Health spending,Revenue,3
Revenue,Welfare,3
Fiscal policy,Government spending,3
Health services,Social insurance,3
Healthcare system,Purchasing,3
Household income,Inequality,3
Risk pool,Social security,3
Development economics,Public administration,3
Development economics,Social protection,3
Purchasing,Social policy,3
Health equity,National health insurance,3
Fiscal policy,Health policy,3
Payment,Rural health,3
Public sector,Reimbursement,3
Community health,Household income,3
Insurance policy,Microinsurance,3
Revenue,Social security,3
Reimbursement,User fee,3
Health sector,Health spending,3
Health insurance,User fee,3
Public administration,Revenue,3
Demographic economics,Social protection,3
Poverty,Risk pool,3
Public health insurance,Public sector,3
National health insurance,Social policy,3
Public expenditure,Public policy,3
Demographic economics,Maternal health,3
Government expenditure,Welfare,3
National health insurance,Public health insurance,3
Health policy,Medical insurance,3
Health care reform,Public administration,3
Public sector,Welfare,3
National health insurance,Public sector,3
Global health,Payment,3
Public sector,Public–private partnership,3
Health services,Subsidy,3
Health services,Public health insurance,3
Public administration,Purchasing,3
Health care financing,Health spending,3
Health equity,User fee,3
Health sector,Public administration,3
Health facility,Innovative financing,3
Community health,Maternal health,3
Maternal health,Payment,3
Government expenditure,Health insurance,3
Community health,Demographic economics,3
Private sector,Public policy,3
Medical insurance,Private sector,3
Innovative financing,Poverty,3
Health services,Public expenditure,3
Public finance,Subsidy,3
Microinsurance,Purchasing,3
Government expenditure,Private sector,3
Health economics,Healthcare system,3
Health services research,Healthcare system,3
Private sector,User fee,3
Health care financing,Public expenditure,3
Innovative financing,Public economics,3
Innovative financing,Public finance,3
Government expenditure,Health sector,3
Government spending,Health sector,3
Health economics,Rural health,3
Community health,Risk pool,3
Finance,Rural health,3
Health care financing,Social determinants of health,3
Global health,Health equity,3
Health services research,Private sector,3
Health services research,Public sector,3
Health care financing,Healthcare system,3
Government spending,Payment,3
Capitation,Subsidy,3
Demographic economics,Purchasing,3
Health services research,Public policy,3
Public policy,User fee,3
Public administration,Social insurance,3
Social insurance,Subsidy,3
Social protection,Subsidy,3
Cost sharing,Rural health,3
Health facility,Primary health care,3
Payment,Primary health care,3
Public finance,Public health insurance,3
Health services,Reimbursement,3
Health economics,Public health insurance,3
Government expenditure,Payment,3
Demographic economics,Public health insurance,3
Financial risk,Microinsurance,2
Financial risk,Subsidy,2
Microinsurance,Subsidy,2
Health care financing,Medical insurance,2
Community health,Healthcare system,2
Insurance policy,Public health insurance,2
Finance,Public health insurance,2
Community health,Social security,2
Health services research,Public health insurance,2
Public health insurance,Social policy,2
Development economics,Public sector,2
Revenue,Social policy,2
Health care financing,Health care reform,2
Health administration,Public policy,2
Health economics,Public policy,2
Poverty reduction,Social protection,2
Public administration,Social protection,2
Public administration,Social security,2
Health care financing,Subsidy,2
Copayment,Private sector,2
Public economics,Rural health,2
Health equity,Health services,2
Inequality,Public sector,2
Capitation,Medical insurance,2
Finance,Poverty reduction,2
Payment,Public health insurance,2
Public health insurance,Reimbursement,2
Public policy,Socioeconomic status,2
Financial inclusion,Health policy,2
Social insurance,Tax revenue,2
Financial risk,Private sector,2
Poverty,Public policy,2
Payment,Public–private partnership,2
Healthcare system,Universal coverage,2
Healthcare system,Universal health care,2
Health equity,Reimbursement,2
Financial inclusion,Payment,2
Community health,Medical insurance,2
Healthcare system,Maternal health,2
Purchasing,User fee,2
Global health,Poverty,2
Global health,Revenue,2
Global health,Risk pool,2
Inequality,Revenue,2
Poverty reduction,Public economics,2
Community health,Insurance policy,2
Copayment,Subsidy,2
Copayment,User fee,2
Development economics,User fee,2
Development economics,Risk pool,2
Health sector,Welfare,2
Health administration,Rural health,2
Health services research,Rural health,2
Public–private partnership,Subsidy,2
Health care financing,Purchasing,2
Innovative financing,Private sector,2
Innovative financing,Public expenditure,2
Capitation,Health services research,2
Development economics,Purchasing,2
Inequality,Maternal health,2
Health services,Social security,2
Government expenditure,Revenue,2
Health facility,Purchasing,2
Public finance,Purchasing,2
Inequality,Subsidy,2
Public finance,Socioeconomic status,2
Private sector,Socioeconomic status,2
Insurance policy,Universal coverage,2
Household income,Subsidy,2
Innovative financing,Reimbursement,2
Microinsurance,Welfare,2
Healthcare system,Primary health care,2
Healthcare system,Social determinants of health,2
Health sector,Public expenditure,2
Social insurance,Socioeconomic status,2
Healthcare system,Public health insurance,2
Reimbursement,Rural health,2
Health insurance,Public–private partnership,2
Public economics,Public–private partnership,2
Financial risk,Risk pool,2
Health equity,Insurance policy,2
Health equity,Risk pool,2
Global health,Public finance,2
Financial inclusion,Public economics,2
Finance,Maternal health,2
Financial risk,Health equity,2
User fee,Welfare,2
Public economics,Universal health care,2
Health spending,Socioeconomic status,2
Public administration,Public expenditure,2
Finance,Medical insurance,2
Health equity,Purchasing,2
Copayment,Public economics,2
Private sector,Public health insurance,2
Copayment,Health services,2
Microinsurance,Risk pool,2
Cost sharing,Health facility,2
Development economics,Insurance policy,2
Demographic economics,Tax revenue,2
Fiscal policy,Public sector,2
Public sector,Tax revenue,2
Development economics,Health sector,2
Health equity,Welfare,2
Development economics,Healthcare system,2
Development economics,National health insurance,2
Social policy,Social security,2
Government spending,Subsidy,2
Public expenditure,Subsidy,2
Health spending,Universal coverage,2
Public finance,Universal coverage,2
Financial risk,Health services research,2
Public administration,Welfare,2
Development economics,Socioeconomic status,2
Health facility,Social protection,2
Rural health,Socioeconomic status,2
Poverty,Tax revenue,2
Medical insurance,Payment,2
Health equity,Universal coverage,2
Health care financing,Socioeconomic status,2
Health sector,Purchasing,2
Health services,Healthcare system,2
Health economics,Welfare,2
Revenue,Social protection,2
Revenue,Socioeconomic status,2
Health services research,Primary health care,2
Primary health care,Purchasing,2
Development economics,Health equity,2
Government spending,Public sector,2
Health sector,Innovative financing,2
Health sector,Revenue,2
Health sector,Health services research,2
Health sector,Social policy,2
Reimbursement,Welfare,2
Healthcare system,Private sector,2
Social protection,Socioeconomic status,2
Development economics,Microinsurance,2
Inequality,Public expenditure,2
Development economics,Government spending,2
Microinsurance,Rural health,2
Private sector,Social security,2
Health economics,Social insurance,2
Public health insurance,Social determinants of health,2
Microinsurance,Poverty reduction,2
Insurance policy,Rural health,2
Finance,Public policy,2
Financial risk,Health services,2
Household income,Social determinants of health,2
Health insurance,Tax revenue,2
Financial risk,Social protection,2
Reimbursement,Social determinants of health,2
Rural health,Welfare,2
Community health,Social policy,2
Public finance,User fee,2
Poverty reduction,Social insurance,2
Capitation,Health economics,2
National health insurance,Public finance,2
Community health,Health care financing,1
Public policy,Social protection,1
Public policy,Social security,1
Health equity,Health spending,1
Financial inclusion,Purchasing,1
Financial inclusion,Socioeconomic status,1
Insurance policy,Public policy,1
Health equity,Private sector,1
Healthcare system,Public policy,1
Global health,Subsidy,1
Poverty reduction,Social policy,1
Financial risk,Health sector,1
Financial inclusion,Health economics,1
Financial inclusion,Public finance,1
Financial inclusion,Revenue,1
Financial inclusion,Tax revenue,1
Health economics,Tax revenue,1
Financial risk,Global health,1
Health equity,Public finance,1
Financial inclusion,Health sector,1
Financial inclusion,Public sector,1
Fiscal policy,Global health,1
Household income,Social insurance,1
Inequality,Social insurance,1
Health administration,Health spending,1
Public policy,Social insurance,1
Health care reform,Revenue,1
Government expenditure,Health administration,1
Government expenditure,Health economics,1
Government expenditure,Health services research,1
Government expenditure,Social policy,1
Health economics,Insurance policy,1
Community health,Public sector,1
Public sector,Rural health,1
Capitation,Insurance policy,1
Cost sharing,Health spending,1
Health spending,Subsidy,1
Financial risk,Rural health,1
Capitation,Health equity,1
Capitation,Welfare,1
Health facility,Health sector,1
Healthcare system,Reimbursement,1
Global health,Purchasing,1
Global health,Health economics,1
Health spending,Healthcare system,1
Health spending,Social determinants of health,1
Financial risk,Primary health care,1
Public policy,Subsidy,1
Financial risk,Public health insurance,1
Maternal health,National health insurance,1
Government spending,Health economics,1
Health administration,Universal health care,1
Health economics,Universal health care,1
Health services research,Universal health care,1
Public finance,Universal health care,1
Health services research,Public expenditure,1
Public expenditure,Social policy,1
Public health insurance,Public–private partnership,1
Health spending,Inequality,1
Payment,Universal coverage,1
Health care financing,Tax revenue,1
Health spending,Tax revenue,1
Reimbursement,Social security,1
Health administration,Maternal health,1
Public policy,Revenue,1
Household income,Public finance,1
Medical insurance,Subsidy,1
Public administration,Social determinants of health,1
Demographic economics,Microinsurance,1
Health care reform,Inequality,1
Health administration,Social security,1
Poverty,Purchasing,1
Financial risk,Health facility,1
Financial risk,Household income,1
Financial risk,Social determinants of health,1
National health insurance,Social security,1
Health administration,Public–private partnership,1
Health facility,Inequality,1
Reimbursement,Social policy,1
Health administration,Public health insurance,1
Social protection,Universal coverage,1
Health services research,Social insurance,1
Fiscal policy,Inequality,1
Public expenditure,Social insurance,1
Demographic economics,Global health,1
Health spending,Household income,1
Poverty,Primary health care,1
Community health,Health care reform,1
Health care reform,User fee,1
Public finance,Public–private partnership,1
Insurance policy,Socioeconomic status,1
Social policy,Welfare,1
Health administration,Health sector,1
Health economics,Health sector,1
Microinsurance,National health insurance,1
Health facility,Health spending,1
Cost sharing,Development economics,1
Community health,Copayment,1
Copayment,Health facility,1
Health care reform,Purchasing,1
Inequality,User fee,1
Copayment,Revenue,1
Development economics,Social insurance,1
Financial inclusion,Welfare,1
Demographic economics,Financial risk,1
Financial risk,Welfare,1
Inequality,Insurance policy,1
Copayment,Reimbursement,1
Capitation,Copayment,1
Demographic economics,Fiscal policy,1
Demographic economics,Health care financing,1
Fiscal policy,Health sector,1
Fiscal policy,Health services,1
Insurance policy,Public administration,1
Public administration,Risk pool,1
Public health insurance,Subsidy,1
Household income,Microinsurance,1
Healthcare system,Inequality,1
Healthcare system,Public sector,1
Inequality,Private sector,1
Demographic economics,Universal coverage,1
Cost sharing,National health insurance,1
Copayment,Public sector,1
Medical insurance,Public health insurance,1
Demographic economics,Health sector,1
Insurance policy,Reimbursement,1
Rural health,Social security,1
Health administration,Innovative financing,1
Health services research,Innovative financing,1
Development economics,Public policy,1
Microinsurance,Social security,1
Health care reform,Healthcare system,1
Health care reform,Social determinants of health,1
Health care reform,Social protection,1
Healthcare system,Social protection,1
Maternal health,User fee,1
Cost sharing,Social determinants of health,1
Cost sharing,Social security,1
Private sector,Social protection,1
Payment,Tax revenue,1
Healthcare system,Public administration,1
Household income,Social security,1
Community health,Innovative financing,1
Community health,Health sector,1
Development economics,Health care reform,1
Health facility,Universal coverage,1
Copayment,National health insurance,1
Financial risk,Inequality,1
Maternal health,Public health insurance,1
Global health,Government spending,1
Global health,Welfare,1
Health equity,Social protection,1
Healthcare system,National health insurance,1
Health administration,Health equity,1
Microinsurance,Social insurance,1
Health sector,Inequality,1
Health sector,Maternal health,1
Health sector,Social determinants of health,1
Maternal health,Social determinants of health,1
Health services,Microinsurance,1
Microinsurance,Public sector,1
Medical insurance,Primary health care,1
Global health,Health facility,1
Capitation,Public finance,1
Purchasing,Social insurance,1
Health facility,Social security,1
Health administration,Healthcare system,1
Household income,Insurance policy,1
Household income,Purchasing,1
Demographic economics,Medical insurance,1
Medical insurance,Social insurance,1
Health policy,Tax revenue,1
Subsidy,Tax revenue,1
Capitation,Innovative financing,1
Health care reform,Social insurance,1
Government expenditure,Inequality,1
Copayment,Health economics,1
Copayment,Health policy,1
Health administration,Public expenditure,1
Capitation,Health services,1
Health equity,Social insurance,1
Fiscal policy,Health administration,1
Fiscal policy,Subsidy,1
Innovative financing,Public sector,1
Public expenditure,Purchasing,1
Medical insurance,Socioeconomic status,1
Health administration,Tax revenue,1
Payment,Universal health care,1
Health care financing,Maternal health,1
Community health,Primary health care,1
Primary health care,Rural health,1
Financial risk,Insurance policy,1
Financial risk,Public economics,1
Capitation,Public administration,1
Health care financing,National health insurance,1
Health services,Universal health care,1
Public administration,Rural health,1
Public administration,Universal coverage,1
Public administration,Universal health care,1
Rural health,Universal coverage,1
Rural health,Universal health care,1
Copayment,Demographic economics,1
Health policy,Public–private partnership,1
Community health,Reimbursement,1
Microinsurance,Payment,1
Household income,National health insurance,1
Poverty,Universal coverage,1
Social insurance,Universal coverage,1
Government spending,Universal health care,1
Development economics,Household income,1
Health facility,Public administration,1
Global health,Socioeconomic status,1
Insurance policy,Universal health care,1
Social determinants of health,Universal coverage,1
Social determinants of health,Universal health care,1
Social security,Universal coverage,1
Social security,Universal health care,1
Development economics,Universal coverage,1
Health administration,Inequality,1
Health facility,Subsidy,1
Public–private partnership,Socioeconomic status,1
Payment,Poverty reduction,1
Health facility,Insurance policy,1
Health facility,Risk pool,1
Health services,Risk pool,1
Risk pool,Rural health,1
Capitation,Community health,1
Demographic economics,Primary health care,1
Health care financing,Primary health care,1
Innovative financing,Primary health care,1
Demographic economics,Poverty reduction,1
Private sector,Social insurance,1
Public sector,Social determinants of health,1
Public sector,Social insurance,1
Copayment,Development economics,1
Development economics,Poverty reduction,1
Development economics,Public health insurance,1
Microinsurance,Public health insurance,1
Poverty,Public health insurance,1
Poverty reduction,Public health insurance,1
Health care reform,Health equity,1
Health spending,National health insurance,1
Health services research,Welfare,1
Medical insurance,Revenue,1
Medical insurance,Universal health care,1
Private sector,Universal health care,1
Revenue,Universal health care,1
Government expenditure,Public administration,1
Maternal health,Public economics,1
Cost sharing,Health economics,1
Socioeconomic status,Universal coverage,1
Financial risk,Health care financing,1
Financial risk,Medical insurance,1
Poverty reduction,Rural health,1
Poverty reduction,Public finance,1
Poverty reduction,Public expenditure,1
Government expenditure,Public sector,1
Payment,Public policy,1
Inequality,Social protection,1
Healthcare system,Socioeconomic status,1
Government spending,Purchasing,1
Fiscal policy,Welfare,1
Demographic economics,Reimbursement,1
Government spending,Revenue,1
Inequality,Public policy,1
Inequality,Purchasing,1
Public policy,Purchasing,1
Cost sharing,Private sector,1
Cost sharing,Primary health care,1
Social determinants of health,User fee,1
Risk pool,Social insurance,1
Rural health,User fee,1
Innovative financing,Subsidy,1
Private sector,Rural health,1
Capitation,Public sector,1
Capitation,Risk pool,1
Risk pool,Welfare,1
Community health,Cost sharing,1
Financial inclusion,Poverty,1
Healthcare system,User fee,1
Community health,Financial inclusion,1
Healthcare system,Subsidy,1
Health care reform,Public health insurance,1
Capitation,Social security,1
Purchasing,Social security,1
Inequality,Welfare,1
Copayment,Poverty,1
Health care financing,Universal coverage,1
Health care financing,Universal health care,1
Global health,Insurance policy,1
National health insurance,Public expenditure,1
Health care financing,Poverty,1
Social policy,Socioeconomic status,1
Government expenditure,Social security,1
Public finance,Social security,1
Public finance,Social protection,1
Public policy,Public sector,1
Public policy,Welfare,1
Capitation,Social determinants of health,1
Maternal health,Poverty,1
Maternal health,Subsidy,1
Financial risk,Health economics,1
Financial risk,Universal coverage,1
Health economics,Universal coverage,1
Public expenditure,Socioeconomic status,1
Financial inclusion,Financial risk,1
Community health,Purchasing,1
Health spending,Maternal health,1
Government spending,Healthcare system,1
Capitation,Health care financing,1
Medical insurance,Rural health,1
Health equity,Healthcare system,1
Financial inclusion,Health equity,1
Health equity,Social security,1
Health equity,Public policy,1
