ref1,ref2,cocitations
W2125849337,W2170964814,127
W2125849337,W2126583499,82
W2125849337,W2137321576,63
W2125849337,W2772759979,58
W2109725907,W2125849337,57
W2126583499,W2170964814,54
W2196182430,W2516915067,53
W2016834351,W2115011764,51
W2115011764,W2140155984,49
W2125849337,W3123188741,47
W2044203638,W2125849337,47
W2119775317,W2125849337,46
W2125849337,W2153603229,45
W2109725907,W2170964814,43
W2046034301,W2125902622,43
W2516915067,W2795223612,42
W2046034301,W2156885153,42
W2137321576,W2170964814,41
W2109725907,W2137321576,37
W2170964814,W3123188741,37
W2096969338,W2125849337,36
W2125902622,W2156885153,35
W2585592226,W2601005047,35
W2125849337,W2149849126,35
W2006696925,W2153025271,35
W1841733224,W2125849337,35
W2006696925,W2161933266,34
W2006696925,W2116542195,34
W1841733224,W2170964814,34
W2114027117,W2116542195,33
W1997866269,W2125849337,33
W1582873904,W2046034301,33
W2119775317,W2170964814,32
W2016834351,W2140155984,31
W2061316418,W2115011764,31
W2149849126,W2170964814,31
W2096969338,W2115011764,31
W2170964814,W2772759979,31
W2119775317,W2126583499,31
W2196182430,W2795223612,30
W2016834351,W2132441191,30
W2126583499,W2137321576,29
W2041725211,W2119775317,29
W2108970446,W2153025271,29
W2019013274,W2061316418,29
W2109725907,W2149849126,29
W2016834351,W2150517994,28
W2153603229,W2170964814,28
W1981075066,W2061316418,28
W1582873904,W2156885153,28
W2004745343,W2019013274,28
W2117812349,W2196182430,28
W2126583499,W2153603229,28
W2044203638,W2170964814,27
W2031976398,W2125849337,27
W2108970446,W2116542195,27
W2116542195,W2168477744,27
W2019013274,W2149691825,27
W2004804433,W2161933266,27
W2116542195,W2153025271,26
W1981075066,W2149691825,26
W2004745343,W2115011764,26
W2115011764,W2149691825,26
W2108970446,W2132666096,26
W1981075066,W2019013274,26
W2126583499,W2772759979,25
W2117812349,W2516915067,25
W1981075066,W2115011764,25
W2004745343,W2061316418,25
W2004745343,W2149691825,25
W2116542195,W2161933266,25
W2016834351,W2061316418,25
W2108970446,W2161933266,25
W2006696925,W2108970446,25
W2115011764,W2125849337,25
W1981075066,W2516915067,25
W1582873904,W2125902622,25
W2109725907,W2126583499,24
W2115011764,W2132441191,23
W1981075066,W2117812349,23
W2061316418,W2149691825,23
W2126583499,W3123188741,23
W2137321576,W3123188741,23
W2125849337,W2152846959,22
W2137321576,W2153603229,22
W2044203638,W2119775317,22
W2119775317,W2147456678,22
W1981075066,W2116542195,22
W2116542195,W2132666096,22
W2125849337,W2801838590,22
W2119775317,W2516915067,21
W1981075066,W2004745343,21
W2114027117,W2119775317,21
W2119775317,W2140155984,21
W2153025271,W2161933266,21
W2102858050,W2125849337,21
W2061316418,W2140155984,21
W2124360428,W2125849337,21
W2096969338,W2170964814,21
W2116542195,W2119775317,21
W2772759979,W2801838590,20
W2004745343,W2116542195,20
W2132441191,W2140155984,20
W2116542195,W2196182430,20
W1981075066,W2196182430,20
W2149849126,W2601005047,20
W2115011764,W2119775317,20
W2117812349,W2119775317,20
W2006696925,W2114027117,20
W2116542195,W2132441191,20
W1841733224,W2137321576,20
W2117812349,W2795223612,20
W2170964814,W2585592226,20
W2016834351,W2119775317,20
W2041725211,W2124360428,20
W2044203638,W2126583499,19
W2116542195,W2140155984,19
W2016834351,W2149691825,19
W2019013274,W2115011764,19
W2137321576,W2772759979,19
W1981075066,W2140155984,19
W2110203502,W2161933266,19
W2116542195,W2149691825,19
W2006696925,W2110203502,19
W2149849126,W2152846959,19
W2110203502,W2119775317,19
W2119775317,W2132666096,19
W1841733224,W2119775317,18
W2125849337,W4230973621,18
W2112093136,W2125849337,18
W2004804433,W2006696925,18
W2112093136,W2119775317,18
W1997866269,W2119775317,18
W2170964814,W2601005047,18
W2115011764,W2516915067,18
W1981075066,W2114027117,18
W1997866269,W2044203638,18
W2170964814,W4230973621,18
W2004745343,W2516915067,18
W2124360428,W2128442162,18
W2137321576,W2149849126,18
W2006696925,W2132666096,18
W2119775317,W2124360428,18
W2108970446,W2549703245,18
W2115011764,W2150517994,18
W2061316418,W2116542195,18
W2125849337,W2601005047,18
W2116975872,W2196182430,18
W2140155984,W2516915067,17
W1981075066,W2795223612,17
W2140155984,W2795223612,17
W2116542195,W2124360428,17
W2125849337,W4252307431,17
W2096969338,W2137321576,17
W2004745343,W2016834351,17
W2031976398,W2170964814,17
W2019013274,W2116542195,17
W2115011764,W2153025271,17
W2112093136,W2153025271,17
W2031976398,W2153603229,17
W2041725211,W2125849337,17
W2124360428,W2140155984,17
W2109725907,W2119775317,17
W2119775317,W2137321576,16
W2115011764,W2116542195,16
W1997866269,W2115011764,16
W2031976398,W2126583499,16
W2140155984,W2149691825,16
W2016834351,W2019013274,16
W1981075066,W2119775317,16
W2096969338,W2140155984,16
W2096969338,W2150517994,16
W2061316418,W2114027117,16
W2149849126,W2585592226,16
W2125849337,W2585592226,16
W2772759979,W3123188741,16
W2137321576,W2801838590,16
W1841733224,W2109725907,16
W2004804433,W2108970446,16
W2115011764,W2124360428,16
W2004745343,W2132441191,16
W2019013274,W2140155984,16
W2004745343,W2196182430,16
W2016834351,W2096969338,16
W2016834351,W2125849337,16
W1997866269,W2126583499,16
W2041725211,W2116542195,16
W2132666096,W2161933266,15
W1997866269,W2170964814,15
W2004804433,W2153025271,15
W2102858050,W2115011764,15
W1981075066,W2016834351,15
W2004745343,W2119775317,15
W2117812349,W2140155984,15
W1841733224,W2126583499,15
W2109725907,W3123188741,15
W2124360428,W2516915067,15
W2119775317,W2772759979,15
W2124360428,W2196182430,15
W2061316418,W2132441191,15
W2119775317,W2196182430,15
W1841733224,W2772759979,15
W2114027117,W2132666096,15
W2119775317,W2142114494,15
W2044203638,W3123188741,15
W2044203638,W2772759979,15
W2096969338,W2126583499,15
W1997866269,W2140155984,14
W2112093136,W2170964814,14
W2096969338,W2102858050,14
W2112093136,W2114027117,14
W2116542195,W2142114494,14
W2109725907,W2152846959,14
W2168477744,W2196182430,14
W2108970446,W2119775317,14
W2108970446,W2142114494,14
W2041725211,W2170964814,14
W2108970446,W2114027117,14
W2016834351,W2116542195,14
W2132441191,W2149691825,14
W2031976398,W2119775317,14
W2006696925,W2119775317,14
W2044203638,W2137321576,14
W2152846959,W2601005047,14
W2006696925,W2124360428,14
W2004745343,W2140155984,14
W2061316418,W2096969338,13
W2096969338,W2109725907,13
W1997866269,W2109725907,13
W2110203502,W2125849337,13
W2115011764,W2126583499,13
W1997866269,W2153603229,13
W2125849337,W2140155984,13
W2112093136,W2161933266,13
W2140155984,W2196182430,13
W2114027117,W2115011764,13
W2114027117,W2140155984,13
W2109725907,W2772759979,13
W2006696925,W2112093136,13
W2108970446,W2124360428,13
W2102858050,W2119775317,13
W2601005047,W2772759979,13
W2125849337,W2142114494,13
W2132441191,W2153025271,13
W2125849337,W2153025271,13
W2006696925,W2125849337,13
W2109725907,W2153603229,13
W2125849337,W2150517994,13
W2119775317,W2168477744,13
W2114027117,W2196182430,13
W2132666096,W2140155984,13
W2044203638,W2149849126,13
W2116542195,W2516915067,13
W2168477744,W2516915067,13
W2112093136,W2132666096,13
W2004745343,W2114027117,13
W2119775317,W2132441191,13
W1997866269,W2004804433,13
W2114027117,W2516915067,13
W1841733224,W2044203638,13
W2108970446,W2168477744,13
W2016834351,W2153025271,13
W2119775317,W4230973621,13
W2115011764,W2128442162,13
W2132666096,W2153025271,13
W2140155984,W2153025271,12
W2124360428,W2132666096,12
W2041725211,W2585592226,12
W2016834351,W2112093136,12
W2119775317,W2149691825,12
W2016834351,W2196182430,12
W2601005047,W2801838590,12
W2124360428,W2585592226,12
W2004745343,W2132666096,12
W2041725211,W2549703245,12
W2006696925,W2132441191,12
W2128442162,W2516915067,12
W2128442162,W2132441191,12
W2128442162,W2150517994,12
W2061316418,W2516915067,12
W2108970446,W2112093136,12
W2125849337,W2128442162,12
W2044203638,W2109725907,12
W2004804433,W2116542195,12
W2149691825,W2196182430,12
W2119775317,W2161933266,12
W2114027117,W2161933266,12
W1981075066,W2132441191,12
W2116975872,W2516915067,12
W2124360428,W2153025271,12
W2115011764,W2117812349,12
W2016834351,W2128442162,12
W2132666096,W2549703245,12
W2041725211,W2132666096,12
W2016834351,W2124360428,12
W2102858050,W2109725907,12
W2115011764,W3122664795,12
W2019013274,W2132441191,12
W2006696925,W2041725211,11
W2772759979,W4230973621,11
W2110203502,W2142114494,11
W1841733224,W3123188741,11
W1841733224,W2142114494,11
W2152846959,W2170964814,11
W2006696925,W2142114494,11
W2016834351,W2108970446,11
W2124360428,W2142114494,11
W2016834351,W2114027117,11
W2115011764,W2196182430,11
W2125849337,W2132441191,11
W2126583499,W2149849126,11
W2108970446,W2132441191,11
W1997866269,W3122664795,11
W1997866269,W2137321576,11
W1997866269,W2031976398,11
W2116975872,W2119775317,11
W2041725211,W2114027117,11
W2112093136,W2116542195,11
W2125849337,W2132666096,11
W2102858050,W2126583499,11
W2006696925,W2115011764,11
W2006696925,W2168477744,11
W2170964814,W2801838590,11
W2149691825,W2516915067,11
W2119775317,W3123188741,11
W2114027117,W2117812349,11
W2116542195,W2125849337,11
W2041725211,W2112093136,11
W2108970446,W2125849337,11
W2031976398,W2137321576,11
W2149849126,W2153603229,11
W2061316418,W2119775317,11
W2149849126,W3123188741,11
W2019013274,W2114027117,11
W2153603229,W3123188741,11
W2116975872,W2124360428,11
W2150517994,W2153025271,11
W2150517994,W2601005047,11
W2031976398,W2109725907,11
W2004745343,W2117812349,11
W2124360428,W2795223612,11
W2020999186,W2116975872,11
W2110203502,W2112093136,10
W1997866269,W3123188741,10
W2114027117,W2124360428,10
W2149691825,W2795223612,10
W1997866269,W2016834351,10
W2585592226,W2772759979,10
W2004804433,W2115011764,10
W2004745343,W2161933266,10
W2114027117,W2125849337,10
W2004804433,W2110203502,10
W2114027117,W2132441191,10
W2096969338,W2119775317,10
W2124360428,W2549703245,10
W2126583499,W2142114494,10
W2044203638,W2112093136,10
W2114027117,W2149691825,10
W2004745343,W2128442162,10
W2115011764,W2137321576,10
W2125849337,W3122664795,10
W2115011764,W2161933266,10
W2137321576,W2150517994,10
W2161933266,W2549703245,10
W2119775317,W2153025271,10
W2114027117,W2153025271,10
W2132441191,W2516915067,10
W2137321576,W2152846959,10
W2112093136,W2126583499,10
W2124360428,W2168477744,10
W2152846959,W2585592226,10
W1841733224,W3122664795,10
W2132441191,W2150517994,10
W2142114494,W2170964814,10
W1981075066,W2132666096,10
W2096969338,W2149691825,10
W2041725211,W2110203502,10
W2041725211,W2168477744,10
W2016834351,W2161933266,10
W2124360428,W2149691825,10
W2149849126,W2772759979,10
W2119775317,W2128442162,10
W2132441191,W2161933266,10
W2119775317,W2549703245,10
W2119775317,W2150517994,10
W2108970446,W2115011764,9
W2004804433,W2112093136,9
W1981075066,W2096969338,9
W2112093136,W2132441191,9
W1997866269,W2153025271,9
W1981075066,W2168477744,9
W2168477744,W2549703245,9
W2004745343,W2126583499,9
W2102858050,W2170964814,9
W1997866269,W2132441191,9
W2102858050,W2140155984,9
W2125849337,W2161933266,9
W1997866269,W2161933266,9
W2108970446,W2140155984,9
W2132441191,W2196182430,9
W2196182430,W2772759979,9
W2041725211,W2142114494,9
W2124360428,W2772759979,9
W2044203638,W2196182430,9
W2004745343,W2124360428,9
W2114027117,W2168477744,9
W2140155984,W2161933266,9
W2041725211,W2128442162,9
W1981075066,W2124360428,9
W2004745343,W2795223612,9
W2016834351,W2516915067,9
W2061316418,W2795223612,9
W2115011764,W2795223612,9
W2124360428,W2170964814,9
W2128442162,W2153025271,9
W1841733224,W1997866269,9
W2020999186,W2125849337,9
W2006696925,W2140155984,9
W2114027117,W2795223612,9
W2004804433,W2132441191,9
W2110203502,W2170964814,9
W2109725907,W2115011764,9
W2116975872,W2140155984,9
W2096969338,W2152846959,9
W2119775317,W2795223612,9
W2041725211,W2161933266,9
W2110203502,W2116542195,9
W2124360428,W2601005047,9
W2142114494,W2161933266,9
W2116542195,W2128442162,9
W2170964814,W4252307431,9
W2115011764,W2142114494,9
W2142114494,W2153025271,9
W2006696925,W2549703245,9
W2125849337,W2196182430,9
W2016834351,W2117812349,9
W2126583499,W2150517994,9
W2161933266,W2168477744,9
W2044203638,W2132441191,9
W2044203638,W2153603229,9
W2004804433,W2125849337,9
W2128442162,W2140155984,8
W2116542195,W2549703245,8
W2041725211,W2196182430,8
W2102858050,W2116542195,8
W2016834351,W2116975872,8
W2019013274,W2128442162,8
W2152846959,W2801838590,8
W2132441191,W2168477744,8
W2126583499,W2196182430,8
W2061316418,W2117812349,8
W2004804433,W2119775317,8
W2110203502,W2114027117,8
W2044203638,W2801838590,8
W2119775317,W3122664795,8
W2149849126,W2801838590,8
W2041725211,W2601005047,8
W2126583499,W2516915067,8
W2061316418,W2196182430,8
W2109725907,W3122664795,8
W2801838590,W3123188741,8
W2116975872,W2117812349,8
W2041725211,W2147456678,8
W2132666096,W2168477744,8
W2116975872,W2149691825,8
W2102858050,W2114027117,8
W2096969338,W2132441191,8
W2006696925,W2126583499,8
W2110203502,W2124360428,8
W2119775317,W2125902622,8
W2041725211,W2126583499,8
W2112093136,W2124360428,8
W2128442162,W2601005047,8
W2020999186,W2196182430,8
W2004745343,W2116975872,8
W2116542195,W2795223612,8
W2124360428,W2147456678,8
W2016834351,W2142114494,8
W2126583499,W2140155984,8
W2126583499,W2132441191,8
W2096969338,W3123188741,8
W2041725211,W2044203638,8
W2019013274,W2119775317,8
W2109725907,W2601005047,8
W1997866269,W2124360428,8
W2061316418,W2102858050,8
W2116975872,W2795223612,8
W1997866269,W2102858050,8
W2516915067,W4230973621,8
W2041725211,W2516915067,8
W2019013274,W2096969338,8
W2041725211,W2108970446,8
W2117812349,W2150517994,8
W2108970446,W2110203502,8
W1841733224,W4230973621,8
W2044203638,W2096969338,7
W2119775317,W2149849126,7
W2128442162,W2170964814,7
W2116975872,W2549703245,7
W2585592226,W2801838590,7
W2031976398,W3123188741,7
W2125849337,W2168477744,7
W2096969338,W2153603229,7
W2004745343,W2153025271,7
W2125849337,W2549703245,7
W2016834351,W2137321576,7
W2115011764,W2132666096,7
W2102858050,W2142114494,7
W2020999186,W2140155984,7
W2117812349,W4230973621,7
W2110203502,W2115011764,7
W2153025271,W2168477744,7
W2142114494,W2549703245,7
W1997866269,W2772759979,7
W2004804433,W2114027117,7
W2020999186,W2126583499,7
W2147456678,W2516915067,7
W2016834351,W2041725211,7
W2041725211,W2132441191,7
W2114027117,W2142114494,7
W2153603229,W2772759979,7
W2126583499,W2795223612,7
W2117812349,W2168477744,7
W2128442162,W2772759979,7
W1981075066,W2126583499,7
W2116542195,W3122664795,7
W2126583499,W4252307431,7
W2126583499,W3122664795,7
W2112093136,W2115011764,7
W2142114494,W2147456678,7
W2044203638,W2153025271,7
W1841733224,W2112093136,7
W2096969338,W2149849126,7
W2006696925,W2044203638,7
W2044203638,W2114027117,7
W2044203638,W2115011764,7
W2004745343,W2168477744,7
W2116542195,W2116975872,7
W2128442162,W3122664795,7
W2119775317,W2153603229,7
W2004745343,W2041725211,7
W2147456678,W2170964814,7
W2006696925,W2016834351,7
W2132441191,W3122664795,7
W2041725211,W2153025271,7
W2016834351,W2132666096,7
W2132666096,W2142114494,7
W2140155984,W2150517994,7
W2149849126,W2150517994,7
W2168477744,W2795223612,7
W2147456678,W4230973621,7
W2124360428,W2150517994,7
W2031976398,W2044203638,7
W2004745343,W2150517994,7
W2150517994,W2170964814,7
W2112093136,W2168477744,7
W2004804433,W2132666096,7
W2108970446,W2196182430,7
W2044203638,W2601005047,7
W2126583499,W2153025271,7
W2112093136,W2140155984,7
W2004745343,W2102858050,7
W2019013274,W2102858050,7
W2061316418,W2124360428,7
W1997866269,W2004745343,7
W2004804433,W2044203638,7
W2126583499,W2801838590,7
W2772759979,W2795223612,7
W2549703245,W2795223612,7
W2041725211,W2795223612,7
W2016834351,W2102858050,7
W1997866269,W2096969338,7
W2128442162,W2585592226,6
W2096969338,W3122664795,6
W2116975872,W2168477744,6
W1997866269,W2116542195,6
W2601005047,W3123188741,6
W1841733224,W2153603229,6
W2020999186,W2119775317,6
W2114027117,W2549703245,6
W2117812349,W2149691825,6
W2117812349,W2132666096,6
W2795223612,W4230973621,6
W2016834351,W2126583499,6
W2016834351,W2110203502,6
W2016834351,W2044203638,6
W2044203638,W2516915067,6
W2125849337,W2149691825,6
W2019013274,W2124360428,6
W2004745343,W2006696925,6
W2516915067,W2772759979,6
W2108970446,W2516915067,6
W1997866269,W2112093136,6
W2109725907,W4230973621,6
W2115011764,W2116975872,6
W2132441191,W2142114494,6
W2142114494,W2149691825,6
W2115011764,W2147456678,6
W1841733224,W2031976398,6
W1841733224,W2096969338,6
W1981075066,W2150517994,6
W2110203502,W2153025271,6
W1841733224,W2110203502,6
W2061316418,W2128442162,6
W2128442162,W2149691825,6
W2153603229,W4252307431,6
W2019013274,W2132666096,6
W2140155984,W2147456678,6
W2041725211,W2149691825,6
W2004804433,W2168477744,6
W2109725907,W2801838590,6
W2115011764,W2170964814,6
W2116975872,W2126583499,6
W2119775317,W2601005047,6
W1841733224,W2115011764,6
W2110203502,W2140155984,6
W2126583499,W2152846959,6
W2124360428,W2126583499,6
W2019013274,W2795223612,6
W1997866269,W2142114494,6
W2109725907,W2128442162,6
W2041725211,W2102858050,6
W1981075066,W2116975872,6
W2117812349,W2124360428,6
W2004804433,W2140155984,6
W2161933266,W3122664795,6
W2096969338,W2601005047,6
W2102858050,W2149849126,6
W2137321576,W4230973621,6
W1997866269,W2149691825,6
W2110203502,W2126583499,6
W1997866269,W2110203502,6
W2020999186,W2170964814,6
W2004745343,W2004804433,6
W2153025271,W2549703245,6
W2126583499,W2168477744,6
W2117812349,W2126583499,6
W2016834351,W2149849126,6
W2128442162,W2147456678,6
W2019013274,W2196182430,6
W1582873904,W2119775317,6
W2004804433,W2031976398,6
W2116542195,W4230973621,6
W2110203502,W2196182430,6
W2516915067,W2549703245,6
W2112093136,W2549703245,6
W2153603229,W3122664795,6
W2044203638,W2116542195,6
W2031976398,W2772759979,6
W2031976398,W2112093136,6
W2116542195,W2126583499,6
W2044203638,W2152846959,6
W2041725211,W2115011764,6
W2115011764,W2149849126,6
W2149849126,W2516915067,6
W2004745343,W2108970446,6
W2119775317,W2585592226,6
W2061316418,W2112093136,6
W2016834351,W4252307431,5
W1841733224,W2004804433,5
W2132441191,W2132666096,5
W2196182430,W4230973621,5
W2132666096,W4230973621,5
W2102858050,W2132441191,5
W2004804433,W2016834351,5
W1997866269,W2601005047,5
W2126583499,W2149691825,5
W2142114494,W2516915067,5
W2016834351,W2109725907,5
W2114027117,W2128442162,5
W2102858050,W2124360428,5
W2109725907,W2142114494,5
W2108970446,W2126583499,5
W2142114494,W4230973621,5
W2061316418,W2150517994,5
W2006696925,W2102858050,5
W1997866269,W2041725211,5
W2115011764,W2168477744,5
W2016834351,W2170964814,5
W2149691825,W2153603229,5
W2109725907,W2585592226,5
W1841733224,W4252307431,5
W2102858050,W2149691825,5
W2019013274,W2153025271,5
W2137321576,W2601005047,5
W2132666096,W3122664795,5
W2126583499,W2601005047,5
W2150517994,W2516915067,5
W2020999186,W2516915067,5
W2020999186,W2117812349,5
W2061316418,W2161933266,5
W2061316418,W2126583499,5
W3122664795,W3123188741,5
W2019013274,W2516915067,5
W2149691825,W3122664795,5
W2004804433,W2126583499,5
W2004804433,W3122664795,5
W2126583499,W2161933266,5
W2128442162,W2137321576,5
W2117812349,W2128442162,5
W2115011764,W2772759979,5
W2126583499,W4230973621,5
W3123188741,W4230973621,5
W2150517994,W2152846959,5
W2004745343,W2125849337,5
W1997866269,W2150517994,5
W2112093136,W2137321576,5
W2112093136,W2128442162,5
W2019013274,W2161933266,5
W2112093136,W2142114494,5
W2044203638,W2102858050,5
W2102858050,W2132666096,5
W2044203638,W2128442162,5
W2132441191,W2170964814,5
W2031976398,W2153025271,5
W2031976398,W2124360428,5
W2044203638,W2161933266,5
W2044203638,W2117812349,5
W2137321576,W3122664795,5
W2061316418,W2142114494,5
W2004745343,W2044203638,5
W1841733224,W2102858050,5
W2126583499,W2128442162,5
W2147456678,W2585592226,5
W2041725211,W2152846959,5
W2016834351,W2168477744,5
W1981075066,W2006696925,5
W2124360428,W2152846959,5
W2132666096,W2516915067,5
W2153025271,W4252307431,5
W2119775317,W2156885153,5
W2046034301,W2119775317,5
W2119775317,W2152846959,5
W2114027117,W2126583499,5
W2031976398,W2149849126,5
W2116975872,W2132666096,5
W2125849337,W2516915067,5
W2096969338,W2124360428,5
W2061316418,W2125849337,5
W2116975872,W2125849337,5
W2149691825,W2168477744,5
W2109725907,W2150517994,5
W2147456678,W2772759979,5
W2102858050,W2161933266,5
W2031976398,W3122664795,5
W2116542195,W4252307431,5
W2016834351,W2152846959,5
W2153603229,W4230973621,5
W2170964814,W2516915067,5
W2142114494,W2168477744,5
W2020999186,W2124360428,5
W2109725907,W2124360428,5
W2119775317,W4252307431,5
W2112093136,W2150517994,5
W1981075066,W2041725211,5
W2110203502,W2147456678,5
W2772759979,W4252307431,5
W2116975872,W2150517994,5
W1981075066,W2153603229,5
W2020999186,W2132666096,5
W2020999186,W2147456678,5
W2125849337,W2147456678,5
W2110203502,W2168477744,4
W2020999186,W2041725211,4
W2132666096,W2147456678,4
W1997866269,W4230973621,4
W1997866269,W4252307431,4
W2004745343,W4230973621,4
W2006696925,W4230973621,4
W2549703245,W4230973621,4
W2031976398,W2801838590,4
W1997866269,W2020999186,4
W1997866269,W2196182430,4
W2096969338,W2132666096,4
W2112093136,W3122664795,4
W2124360428,W2132441191,4
W2016834351,W2795223612,4
W2196182430,W2549703245,4
W2041725211,W2061316418,4
W2124360428,W4230973621,4
W2126583499,W2549703245,4
W2149691825,W2153025271,4
W2115011764,W2549703245,4
W2132441191,W4252307431,4
W2117812349,W2549703245,4
W1997866269,W2061316418,4
W2041725211,W2772759979,4
W2137321576,W2585592226,4
W2140155984,W2142114494,4
W2132441191,W2152846959,4
W2004745343,W2112093136,4
W2132666096,W2196182430,4
W2041725211,W2149849126,4
W2004804433,W2041725211,4
W2102858050,W2153603229,4
W2019013274,W2041725211,4
W2132441191,W2137321576,4
W2132441191,W2153603229,4
W2006696925,W2061316418,4
W2006696925,W2196182430,4
W2044203638,W2108970446,4
W2119775317,W2801838590,4
W2147456678,W2196182430,4
W2041725211,W3123188741,4
W2112093136,W2516915067,4
W2150517994,W2585592226,4
W2061316418,W2132666096,4
W2115011764,W4230973621,4
W2110203502,W2132441191,4
W1997866269,W2019013274,4
W2132441191,W2795223612,4
W2147456678,W2795223612,4
W1997866269,W2801838590,4
W1582873904,W2147456678,4
W2125902622,W2147456678,4
W2585592226,W3123188741,4
W2516915067,W3122664795,4
W2004745343,W2096969338,4
W2150517994,W3123188741,4
W2152846959,W3123188741,4
W2031976398,W2161933266,4
W2109725907,W2116542195,4
W1997866269,W2108970446,4
W2601005047,W3122664795,4
W2168477744,W3122664795,4
W2004804433,W2128442162,4
W2102858050,W2168477744,4
W2044203638,W2132666096,4
W2128442162,W2168477744,4
W2132666096,W2149691825,4
W2004804433,W2124360428,4
W1981075066,W2102858050,4
W1841733224,W2149849126,4
W2096969338,W2116542195,4
W1841733224,W2801838590,4
W1841733224,W2125902622,4
W1841733224,W2156885153,4
W2125902622,W3122664795,4
W2124360428,W2161933266,4
W2041725211,W2116975872,4
W1841733224,W2041725211,4
W2108970446,W3122664795,4
W2110203502,W2132666096,4
W2041725211,W2109725907,4
W2044203638,W2110203502,4
W2044203638,W2149691825,4
W2149691825,W2161933266,4
W2140155984,W3122664795,4
W2170964814,W3122664795,4
W2110203502,W3122664795,4
W1981075066,W2044203638,4
W2152846959,W2153603229,4
W2153025271,W2196182430,4
W1981075066,W3122664795,4
W2112093136,W2153603229,4
W2102858050,W2128442162,4
W1981075066,W2128442162,4
W2031976398,W2142114494,4
W2096969338,W2112093136,4
W2004745343,W2170964814,4
W2109725907,W2112093136,4
W2114027117,W2170964814,4
W2116542195,W2170964814,4
W2016834351,W2153603229,4
W2115011764,W2153603229,4
W2117812349,W2132441191,4
W3123188741,W4252307431,4
W2031976398,W4252307431,4
W2006696925,W2516915067,4
W2041725211,W2137321576,4
W1841733224,W2019013274,4
W1841733224,W2132441191,4
W2110203502,W2795223612,4
W2006696925,W2019013274,4
W2006696925,W2170964814,4
W2102858050,W2153025271,4
W1981075066,W2108970446,4
W2149849126,W2795223612,4
W2516915067,W2601005047,4
W2601005047,W2795223612,4
W2041725211,W2140155984,4
W2031976398,W2096969338,4
W2109725907,W2140155984,4
W2117812349,W2772759979,3
W2153603229,W2801838590,3
W2044203638,W2795223612,3
W2114027117,W3122664795,3
W2126583499,W2132666096,3
W2096969338,W2128442162,3
W2128442162,W4230973621,3
W1981075066,W2549703245,3
W2061316418,W2109725907,3
W2031976398,W2147456678,3
W1997866269,W2147456678,3
W2126583499,W2147456678,3
W2116975872,W2142114494,3
W2006696925,W2116975872,3
W2044203638,W2549703245,3
W2585592226,W3122664795,3
W2170964814,W2795223612,3
W1981075066,W4230973621,3
W2004804433,W2549703245,3
W2016834351,W2772759979,3
W2004745343,W2549703245,3
W2549703245,W2585592226,3
W2150517994,W2196182430,3
W2585592226,W4252307431,3
W1841733224,W2016834351,3
W2004804433,W2196182430,3
W2004804433,W2516915067,3
W2140155984,W2153603229,3
W2108970446,W2150517994,3
W2124360428,W2137321576,3
W2108970446,W2128442162,3
W2149691825,W2150517994,3
W2006696925,W2150517994,3
W2102858050,W2112093136,3
W1841733224,W2601005047,3
W2115011764,W2601005047,3
W2109725907,W4252307431,3
W2046034301,W3122664795,3
W2006696925,W2031976398,3
W1841733224,W2046034301,3
W2004804433,W2109725907,3
W2019013274,W2116975872,3
W2019013274,W2117812349,3
W2061316418,W2116975872,3
W2156885153,W3122664795,3
W2128442162,W2196182430,3
W2006696925,W2149691825,3
W2108970446,W2149691825,3
W2019013274,W2168477744,3
W2110203502,W2137321576,3
W2116542195,W2152846959,3
W2128442162,W2149849126,3
W2128442162,W2152846959,3
W2137321576,W4252307431,3
W1997866269,W2006696925,3
W2019013274,W2150517994,3
W2102858050,W2150517994,3
W2096969338,W2110203502,3
W1841733224,W2161933266,3
W1997866269,W2585592226,3
W2061316418,W2153025271,3
W2117812349,W2125849337,3
W2153603229,W2585592226,3
W2006696925,W2152846959,3
W2110203502,W2152846959,3
W2116542195,W2585592226,3
W2147456678,W2168477744,3
W2152846959,W2168477744,3
W2168477744,W2585592226,3
W2096969338,W2114027117,3
W2096969338,W2161933266,3
W2116542195,W2147456678,3
W1997866269,W2125902622,3
W2061316418,W2108970446,3
W2044203638,W4230973621,3
W2128442162,W2795223612,3
W2132441191,W2147456678,3
W2109725907,W2110203502,3
W2109725907,W2132441191,3
W2140155984,W2549703245,3
W2041725211,W2801838590,3
W2150517994,W2549703245,3
W2006696925,W4252307431,3
W2044203638,W4252307431,3
W1981075066,W2112093136,3
W1841733224,W2124360428,3
W2116975872,W2772759979,3
W2132666096,W2795223612,3
W2124360428,W4252307431,3
W2137321576,W2142114494,3
W2102858050,W2108970446,3
W2044203638,W2142114494,3
W2046034301,W2140155984,3
W2046034301,W2149691825,3
W2161933266,W4252307431,3
W2125902622,W2161933266,3
W2044203638,W2168477744,3
W1841733224,W2152846959,3
W1997866269,W2168477744,3
W2137321576,W2153025271,3
W2031976398,W2110203502,3
W2031976398,W2116542195,3
W1981075066,W2125849337,3
W2112093136,W2149691825,3
W2004745343,W2142114494,3
W2142114494,W2152846959,3
W2061316418,W3122664795,3
W2153025271,W4230973621,3
W4230973621,W4252307431,3
W2110203502,W2149691825,3
W2153025271,W3122664795,3
W2004745343,W2110203502,3
W1997866269,W2117812349,3
W2110203502,W2549703245,3
W1841733224,W2108970446,3
W2132666096,W2170964814,3
W1981075066,W2147456678,3
W2147456678,W2149691825,3
W2031976398,W4230973621,3
W1841733224,W2006696925,3
W1841733224,W2114027117,3
W1841733224,W2116542195,3
W1841733224,W2128442162,3
W2125849337,W2795223612,3
W2016834351,W2601005047,3
W2147456678,W4252307431,3
W1841733224,W2153025271,3
W2016834351,W3123188741,3
W2132441191,W3123188741,3
W2016834351,W2031976398,3
W2004804433,W2142114494,3
W2044203638,W2140155984,3
W2044203638,W3122664795,3
W2153025271,W2772759979,3
W2153025271,W2585592226,3
W2150517994,W4230973621,3
W2147456678,W2549703245,3
W2153603229,W2601005047,3
W2110203502,W2116975872,3
W1997866269,W2149849126,3
W2140155984,W2168477744,3
W2041725211,W4230973621,3
W2031976398,W2115011764,3
W2102858050,W3122664795,3
W2128442162,W4252307431,3
W2132441191,W2549703245,2
W2149691825,W2149849126,2
W2150517994,W2795223612,2
W2061316418,W2168477744,2
W2142114494,W2196182430,2
W2112093136,W4230973621,2
W2137321576,W2196182430,2
W1997866269,W2516915067,2
W2115011764,W4252307431,2
W2132666096,W2150517994,2
W2031976398,W2102858050,2
W2112093136,W2772759979,2
W2140155984,W4230973621,2
W2149691825,W2772759979,2
W2124360428,W2149849126,2
W2516915067,W2585592226,2
W2041725211,W2117812349,2
W2116975872,W2153025271,2
W2153025271,W2516915067,2
W2549703245,W3122664795,2
W2196182430,W3122664795,2
W1981075066,W2020999186,2
W2006696925,W2020999186,2
W2020999186,W2116542195,2
W2020999186,W2153603229,2
W2109725907,W2149691825,2
W2128442162,W2549703245,2
W2132666096,W2601005047,2
W2132441191,W2601005047,2
W2149849126,W2196182430,2
W2004804433,W2147456678,2
W2004804433,W4252307431,2
W2110203502,W4252307431,2
W2142114494,W4252307431,2
W2031976398,W2150517994,2
W2116542195,W2772759979,2
W2108970446,W4230973621,2
W2006696925,W3122664795,2
W2124360428,W2156885153,2
W2142114494,W2156885153,2
W2019013274,W2142114494,2
W2019013274,W4230973621,2
W2161933266,W4230973621,2
W1997866269,W2132666096,2
W2132666096,W2772759979,2
W2168477744,W2772759979,2
W2108970446,W2772759979,2
W2046034301,W2147456678,2
W2147456678,W2156885153,2
W2044203638,W2585592226,2
W1997866269,W2114027117,2
W2147456678,W2152846959,2
W2019013274,W2044203638,2
W1997866269,W2152846959,2
W2109725907,W2516915067,2
W1981075066,W2110203502,2
W2061316418,W2110203502,2
W2124360428,W2153603229,2
W2153025271,W2153603229,2
W2116975872,W4230973621,2
W2149691825,W4230973621,2
W2149691825,W4252307431,2
W1981075066,W1997866269,2
W1981075066,W2142114494,2
W2031976398,W2046034301,2
W2102858050,W2549703245,2
W2020999186,W2549703245,2
W2116975872,W2132441191,2
W2140155984,W2585592226,2
W2585592226,W2795223612,2
W2161933266,W2772759979,2
W1981075066,W2153025271,2
W2132666096,W2152846959,2
W2115011764,W2585592226,2
W2132666096,W2585592226,2
W2020999186,W4230973621,2
W2102858050,W2110203502,2
W2147456678,W2601005047,2
W2112093136,W2585592226,2
W2116542195,W2150517994,2
W2116542195,W2117812349,2
W2128442162,W2132666096,2
W2601005047,W4230973621,2
W2020999186,W2137321576,2
W2031976398,W2140155984,2
W2031976398,W2149691825,2
W1582873904,W2140155984,2
W2019013274,W2153603229,2
W2096969338,W2585592226,2
W2108970446,W2117812349,2
W2061316418,W2170964814,2
W2004745343,W2046034301,2
W2046034301,W2102858050,2
W2061316418,W2137321576,2
W2108970446,W2147456678,2
W1841733224,W2061316418,2
W1981075066,W2170964814,2
W2006696925,W2128442162,2
W2137321576,W2549703245,2
W2153025271,W2170964814,2
W2170964814,W2549703245,2
W2549703245,W3123188741,2
W2004745343,W4252307431,2
W1841733224,W2132666096,2
W2142114494,W3122664795,2
W2031976398,W2041725211,2
W2109725907,W2161933266,2
W1841733224,W2004745343,2
W2124360428,W2801838590,2
W2161933266,W2170964814,2
W2116542195,W2149849126,2
W2102858050,W2137321576,2
W2108970446,W2795223612,2
W2110203502,W2516915067,2
W2161933266,W2516915067,2
W2102858050,W2147456678,2
W2102858050,W4230973621,2
W2114027117,W4230973621,2
W2020999186,W2044203638,2
W2061316418,W2153603229,2
W2004804433,W2795223612,2
W2006696925,W2795223612,2
W2004804433,W2102858050,2
W2004804433,W2153603229,2
W2153603229,W2168477744,2
W2096969338,W2153025271,2
W2137321576,W2140155984,2
W2124360428,W3122664795,2
W2196182430,W2601005047,2
W2020999186,W2142114494,2
W2004745343,W2109725907,2
W2112093136,W2149849126,2
W2096969338,W2116975872,2
W2152846959,W2772759979,2
W2153603229,W2156885153,2
W2044203638,W2124360428,2
W2006696925,W2137321576,2
W2108970446,W2137321576,2
W2114027117,W2137321576,2
W2116542195,W2137321576,2
W2116542195,W2153603229,2
W2096969338,W2142114494,2
W2112093136,W2196182430,2
W1841733224,W2117812349,2
W2109725907,W2117812349,2
W2117812349,W2137321576,2
W2117812349,W2170964814,2
W2004804433,W2137321576,2
W2096969338,W2772759979,2
W2020999186,W2772759979,2
W2116975872,W2153603229,2
W2116975872,W2170964814,2
W2125902622,W2140155984,2
W2132441191,W2149849126,2
W2096969338,W2196182430,2
W2096969338,W2516915067,2
W2004745343,W3122664795,2
W2019013274,W2126583499,2
W2019013274,W3122664795,2
W1981075066,W2161933266,2
W2061316418,W2147456678,2
W2128442162,W2801838590,2
W2142114494,W2772759979,2
W2108970446,W2109725907,2
W2109725907,W2114027117,2
W2132666096,W4252307431,2
W2140155984,W4252307431,2
W2132441191,W2772759979,2
W2020999186,W3122664795,2
W2112093136,W2601005047,2
W1582873904,W4230973621,2
W2046034301,W4230973621,2
W2147456678,W2149849126,2
W2170964814,W2196182430,2
W2147456678,W2153603229,2
W2585592226,W4230973621,2
W2102858050,W2795223612,2
W2140155984,W2772759979,2
W2004804433,W2096969338,2
W2006696925,W2096969338,2
W2016834351,W3122664795,2
W2016834351,W2046034301,2
W2046034301,W2124360428,2
W2117812349,W2153025271,1
W1582873904,W2110203502,1
W2061316418,W4230973621,1
W1981075066,W2031976398,1
W1981075066,W2149849126,1
W2031976398,W2116975872,1
W2031976398,W2516915067,1
W2031976398,W2795223612,1
W2116975872,W2147456678,1
W2116975872,W2149849126,1
W2004804433,W4230973621,1
W2549703245,W2772759979,1
W2150517994,W2168477744,1
W2019013274,W4252307431,1
W1582873904,W2016834351,1
W1582873904,W2116542195,1
W1582873904,W2124360428,1
W1582873904,W2132441191,1
W1582873904,W2142114494,1
W1582873904,W2149691825,1
W2016834351,W2156885153,1
W2046034301,W2116542195,1
W2046034301,W2132441191,1
W2046034301,W2142114494,1
W2116542195,W2156885153,1
W2102858050,W2801838590,1
W2020999186,W2149691825,1
W2795223612,W4252307431,1
W2019013274,W2112093136,1
W2004745343,W2772759979,1
W2044203638,W2147456678,1
W2046034301,W2516915067,1
W2137321576,W2147456678,1
W2132666096,W2137321576,1
W2109725907,W2795223612,1
W2149691825,W2170964814,1
W2153603229,W2516915067,1
W2153603229,W2795223612,1
W2102858050,W2117812349,1
W2016834351,W2801838590,1
W2117812349,W4252307431,1
W2112093136,W4252307431,1
W2168477744,W4252307431,1
W2102858050,W2152846959,1
W2019013274,W2147456678,1
W2006696925,W2772759979,1
W2102858050,W2156885153,1
W2142114494,W2150517994,1
W2114027117,W2152846959,1
W2031976398,W2114027117,1
W2004745343,W2153603229,1
W2016834351,W2125902622,1
W2096969338,W2125902622,1
W2102858050,W2125902622,1
W2115011764,W2125902622,1
W2125902622,W2126583499,1
W2147456678,W2153025271,1
W2096969338,W2795223612,1
W2096969338,W4230973621,1
W2102858050,W2772759979,1
W2006696925,W2585592226,1
W2041725211,W2153603229,1
W2006696925,W2153603229,1
W2108970446,W2153603229,1
W2114027117,W2153603229,1
W2061316418,W4252307431,1
W1981075066,W2004804433,1
W1841733224,W2140155984,1
W1981075066,W2125902622,1
W1981075066,W2156885153,1
W2125902622,W2153603229,1
W2004745343,W2137321576,1
W2016834351,W2549703245,1
W2031976398,W2549703245,1
W2152846959,W2196182430,1
W2004745343,W2125902622,1
W1841733224,W2020999186,1
W2046034301,W2153025271,1
W2046034301,W2153603229,1
W2110203502,W2772759979,1
W2149849126,W4230973621,1
W2112093136,W2117812349,1
W2020999186,W2110203502,1
W2020999186,W2102858050,1
W1981075066,W2601005047,1
W2150517994,W3122664795,1
W2004745343,W2020999186,1
W2019013274,W2020999186,1
W1841733224,W2549703245,1
W2006696925,W3123188741,1
W2108970446,W2170964814,1
W2108970446,W3123188741,1
W2031976398,W2108970446,1
W2109725907,W2116975872,1
W3122664795,W4252307431,1
W1841733224,W2168477744,1
W1997866269,W2128442162,1
W2109725907,W2168477744,1
W2128442162,W2153603229,1
W2020999186,W2031976398,1
W2020999186,W2096969338,1
W2020999186,W2109725907,1
W2801838590,W4230973621,1
W2161933266,W2196182430,1
W2161933266,W2795223612,1
W2004804433,W2019013274,1
W2149849126,W3122664795,1
W2152846959,W3122664795,1
W2031976398,W2061316418,1
W2114027117,W2116975872,1
W1981075066,W2109725907,1
W2149691825,W3123188741,1
W2006696925,W2109725907,1
W2110203502,W2117812349,1
W2112093136,W2795223612,1
W2046034301,W2161933266,1
W2031976398,W2132441191,1
W1841733224,W2149691825,1
W2149849126,W4252307431,1
W2110203502,W3123188741,1
W2137321576,W2161933266,1
W2153025271,W3123188741,1
W2161933266,W3123188741,1
W2102858050,W3123188741,1
W2004804433,W2149691825,1
W1841733224,W1981075066,1
W2019013274,W2170964814,1
W1981075066,W2046034301,1
W2019013274,W2046034301,1
W2046034301,W2061316418,1
W2046034301,W2096969338,1
W2128442162,W2161933266,1
W2019013274,W2137321576,1
W2004804433,W2061316418,1
W1582873904,W1841733224,1
W2004745343,W2031976398,1
W2031976398,W2128442162,1
W2046034301,W2126583499,1
W2046034301,W2128442162,1
W1582873904,W1997866269,1
W1582873904,W2125849337,1
W2125849337,W2125902622,1
W2006696925,W2125902622,1
W2031976398,W2125902622,1
W2096969338,W2117812349,1
W2128442162,W3123188741,1
W1997866269,W2046034301,1
W1841733224,W2150517994,1
W2102858050,W2601005047,1
W2019013274,W2109725907,1
W2019013274,W2108970446,1
W2004804433,W2170964814,1
W2046034301,W2115011764,1
W2153603229,W2161933266,1
W2116542195,W2601005047,1
W2168477744,W2601005047,1
W2061316418,W2585592226,1
W2041725211,W2150517994,1
W2096969338,W2801838590,1
W2150517994,W2801838590,1
W1841733224,W2116975872,1
W1841733224,W2196182430,1
W2031976398,W2601005047,1
W2004745343,W2147456678,1
W2041725211,W2096969338,1
W2112093136,W2152846959,1
W2019013274,W2125849337,1
W2016834351,W2585592226,1
W2108970446,W2585592226,1
W2142114494,W2585592226,1
W1582873904,W2041725211,1
W1582873904,W2102858050,1
W2137321576,W2149691825,1
W2020999186,W2168477744,1
W1997866269,W2116975872,1
W2016834351,W4230973621,1
W2116975872,W4252307431,1
W2132441191,W4230973621,1
W2150517994,W4252307431,1
W1981075066,W2137321576,1
W1582873904,W3122664795,1
W2147456678,W3122664795,1
W2168477744,W2170964814,1
W2115011764,W2152846959,1
W3122664795,W4230973621,1
W2168477744,W4230973621,1
W2132441191,W2156885153,1
W2149691825,W2156885153,1
W2112093136,W3123188741,1
W2150517994,W2153603229,1
W2115011764,W3123188741,1
W2549703245,W4252307431,1
W2016834351,W2020999186,1
W2044203638,W2150517994,1
W2149849126,W2168477744,1
W2108970446,W2152846959,1
W2152846959,W2153025271,1
W2020999186,W2795223612,1
W1981075066,W2772759979,1
W2004804433,W2585592226,1
W2004804433,W2772759979,1
W2061316418,W2152846959,1
W2061316418,W2601005047,1
W2152846959,W2516915067,1
W2152846959,W2795223612,1
W2140155984,W2170964814,1
W2116975872,W2161933266,1
W2109725907,W2153025271,1
W2109725907,W2549703245,1
W2149691825,W2549703245,1
W2020999186,W2112093136,1
W2116975872,W2128442162,1
W2116975872,W2156885153,1
W2128442162,W2142114494,1
W2128442162,W2156885153,1
W2140155984,W2156885153,1
W2153025271,W2156885153,1
W2156885153,W2516915067,1
W2152846959,W2549703245,1
W2149691825,W2601005047,1
W2142114494,W3123188741,1
W2109725907,W2132666096,1
W2061316418,W2549703245,1
W2114027117,W2772759979,1
W2019013274,W2549703245,1
W2110203502,W2128442162,1
W2110203502,W4230973621,1
W2117812349,W2149849126,1
W2140155984,W2149849126,1
W2196182430,W4252307431,1
W2150517994,W2772759979,1
W2004745343,W2149849126,1
W2006696925,W2149849126,1
W2044203638,W2061316418,1
W2061316418,W2149849126,1
W2114027117,W2149849126,1
W2132666096,W2149849126,1
W2153025271,W2601005047,1
W2117812349,W3123188741,1
W2041725211,W4252307431,1
W2516915067,W4252307431,1
W2096969338,W2108970446,1
W2117812349,W2147456678,1
W2801838590,W3122664795,1
W2020999186,W2114027117,1
W2041725211,W3122664795,1
W2116975872,W3122664795,1
W2125902622,W4230973621,1
W2132441191,W2585592226,1
W2110203502,W2125902622,1
W2108970446,W2116975872,1
